FACILITY,FADDR1,FADDR2,FCITY,FSTATE,FZIP,FPHONE,FCOUNTY,STYPE,SADDR,SCITY,SSTATE,SZIP,LICENSEE,LICNO,PENDING,FID,CLOSED,TERMINATED,HCACAT,HOSCAT,NPCAT,NSGSVCS,CLINICAL,EXPIRES,IVSV,AIDESV,SWSV,PTSV,OTSV,SPSV,SPLYSV,NSGPOOL,POOLAIDE,HHASV,HHANO,HOSNO,HPBEDS,HRBEDS,JCAHO,RJCAHO,ACHC,CARF,NARRAL,ACCHC,NHCC,PPH,CHAP,OTHERA
"Amedisys Hospice","2929 Crouse Lane","Suite E","Burlington","NC","27215-8316","(336)584-4440","Alamance","HOS","2929 Crouse Lane, Suite E","Burlington","NC","27215-8316","Tender Loving Care Health Care Services Southeast L.L.C","HOS3823",F,"090427",F,F,F,T,F,F,F,12/31/2018,F,F,F,F,F,F,F,F,F,F,"","",0,0,F,F,T,F,F,F,F,F,F,F
"Community Home Care and Hospice","P.O. Box 4060","Attn: Regulatory","Mooresville","NC","28117-","(336)584-6033","Alamance","HOS","2730 Tucker Street, Suite 600","Burlington","NC","27215-9871","Community Home Care of Vance County, LLC","HOS3063",F,"050578",F,F,F,T,F,F,F,12/31/2018,F,F,F,F,F,F,F,F,F,F,"","",0,0,F,F,T,F,F,F,F,F,F,F
"Hospice  and Palliative Care of Alamance Caswell","914 Chapel Hill Road","","Burlington","NC","27215-","(336)532-0100","Alamance","HOS","918 Chapel Hill Road","Burlington","NC","27215-","Hospice of Alamance Caswell Foundation, Inc.","HOS1136",F,"944581",F,F,F,T,F,F,F,12/31/2018,F,F,F,F,F,F,F,F,F,F,"","341514",14,8,F,F,T,F,F,F,F,F,F,F
"Liberty Home Care and Hospice","847 Heather Road","","Burlington","NC","27215-6288","(336)226-4053","Alamance","HOS","847 Heather Road","Burlington","NC","27215-6288","Liberty Home Care, LLC","HOS3049",F,"050523",F,F,F,T,F,F,F,12/31/2018,F,F,F,F,F,F,F,F,F,F,"","",0,0,F,F,T,F,F,F,F,F,F,F
"Medi Home Health and Hospice","P.O. Box 609","","Lexington","SC","29071-0609","(336)372-8018","Alleghany","HOS","115 Atwood Street, Suite C","Sparta","NC","28675-","Medical Services of America, Inc.","HOS1123",F,"944316",F,F,F,T,F,F,F,12/31/2018,F,F,F,F,F,F,F,F,F,F,"","341539",0,0,F,F,T,F,F,F,F,F,F,F
"Hospice of Anson County","700 West Roosevelt Blvd.","","Monroe","NC","28110-","(704)694-4880","Anson","HOS","919 E Caswell Street","Wadesboro","NC","28170-","Carolinas Palliative Care and Hospice Network, Inc.","HOS1898",F,"001202",F,F,F,T,F,F,F,12/31/2018,F,F,F,F,F,F,F,F,F,F,"","",0,0,T,F,T,F,F,F,F,F,F,F
"Liberty Home Care and Hospice","119 W. Wade Street","","Wadesboro","NC","28170-","(704)695-1421","Anson","HOS","119 W. Wade Street","Wadesboro","NC","28170-","Liberty Home Care II, LLC","HOS3064",F,"050584",F,F,F,T,F,F,F,12/31/2018,F,F,F,F,F,F,F,F,F,F,"","",0,0,F,F,T,F,F,F,F,F,F,F
"Medi Home Health and Hospice","P.O. Box 609","","Lexington","SC","29071-0609","(336)248-6443","Ashe","HOS","405 S. Jefferson Avenue","West Jefferson","NC","28694-9807","Medical Services of America, Inc.","HOS1124",F,"944314",F,F,F,T,F,F,F,12/31/2018,F,F,F,F,F,F,F,F,F,F,"","341539",0,0,F,F,T,F,F,F,F,F,F,F
"Medi Home Hospice","P O Box 609","","Lexington","SC","29071-0609","(828)733-0663","Avery","HOS","1955 Newland Hwy.","Newland","NC","28657-","Medical Services of America, Inc.","HOS0363",F,"943861",F,F,F,T,F,F,F,12/31/2018,F,F,F,F,F,F,F,F,F,F,"","341533",0,0,F,F,T,F,F,F,F,F,F,F
"Community Home Care and Hospice","P.O. Box 4060","Attn: Regulatory","Mooresville","NC","28117-","(252)946-0312","Beaufort","HOS","222 Stewart Parkway, Suite 100","Washington","NC","27889-","Community Hospice, LLC","HOS2516",F,"040255",F,F,F,T,F,F,F,12/31/2018,F,F,F,F,F,F,F,F,F,F,"","",0,0,F,F,T,F,F,F,F,F,F,F
"Continuum Home Care & Hospice of Beaufort County","250 Lovers Lane","","Washington","NC","27889-","(252)975-1636","Beaufort","HOS","250 Lovers Lane","Washington","NC","27889-","Continuum II Home Care & Hospice, Inc.","HOS3258",F,"051443",F,F,F,T,F,F,F,12/31/2018,F,F,F,F,F,F,F,F,F,F,"","",0,0,F,F,F,F,F,F,F,F,F,F
"Community Home Care & Hospice","P.O. Box 4060","Attn: Regulatory","Mooresville","NC","28117-","(910)862-9928","Bladen","HOS","411 S. Poplar Street","Elizabethtown","NC","28337-","Carrolton Home Care, LLC","HOS1945",F,"001673",F,F,F,T,F,F,F,12/31/2018,F,F,F,F,F,F,F,F,F,F,"","",0,0,F,F,T,F,F,F,F,F,F,F
"Liberty Home Care and Hospice","P.O. Box 3146","","Elizabethtown","NC","28337-","(910)862-8538","Bladen","HOS","501 Doctors Drive","Elizabethtown","NC","28337-","Liberty Home Care, LLC","HOS2003",F,"010306",F,F,F,F,F,F,F,12/31/2018,F,F,F,F,F,F,F,F,F,F,"","",0,0,F,F,T,F,F,F,F,F,F,F
"Lower Cape Fear Hospice and Life CareCenter","1414 Physicians Drive","","Wilmington","NC","28401-","(910)862-3111","Bladen","HOS","116 W. Broad Street","Elizabethtown","NC","28337-2452","Lower Cape Fear Hospice, Inc.","HOS0415",F,"953971",F,F,F,T,F,F,F,12/31/2018,F,F,F,F,F,F,F,F,F,F,"","341515",0,0,F,F,T,F,F,F,F,F,F,F
"Amedisys Hospice Care","1729 Southport Supply Road","Unit A","Bolivia","NC","28422-7679","(855)809-0997","Brunswick","HOS","1729 Southport Supply Road; Unit A","Bolivia","NC","28422-7679","Amedisys Hospice, L.L.C.","HOS4018",F,"100075",F,F,F,T,F,F,F,12/31/2018,F,F,F,F,F,F,F,F,F,F,"","341596",0,0,F,F,T,F,F,F,F,F,F,F
"Community Home Care and Hospice","P.O. Box 4060","Attn: Regulatory","Mooresville","NC","28117-","(910)371-6427","Brunswick","HOS","497 Olde Waterford Way, Suite 208","Belville","NC","28451-","Carrolton Home Care, LLC","HOS3010",F,"050350",F,F,F,T,F,F,F,12/31/2018,F,F,F,F,F,F,F,F,F,F,"","",0,0,F,F,T,F,F,F,F,F,F,F
"Liberty Home Care and Hospice","PO Box 200","","Supply","NC","28462-","(910)754-8133","Brunswick","HOS","1120 Ocean Highway W.","Supply","NC","28462-","Liberty Home Care, LLC.","HOS2006",F,"010309",F,F,F,T,F,F,F,12/31/2018,F,F,F,F,F,F,F,F,F,F,"","",0,0,F,F,T,F,F,F,F,F,F,F
"Lower Cape Fear Hospice, and Life CareCenter","1414 Physicians Drive","","Wilmington","NC","28401-","(910)754-5356","Brunswick","HOS","955 Mercy Lane","Bolivia","NC","28422-","Lower Cape Fear Hospice, Inc.","HOS0414",F,"953975",F,F,F,T,F,F,F,12/31/2018,F,F,F,F,F,F,F,F,F,F,"","341515",7,0,F,F,T,F,F,F,F,F,F,F
"CarePartners Hospice & Palliative Care Services","P O Box 5779","","Asheville","NC","28813-","(828)277-4800","Buncombe","HOS","68 Sweeten Creek Road","Asheville","NC","28803-","Community CarePartners, Inc.","HOS0113",F,"923998",F,F,F,T,F,F,F,12/31/2018,F,F,F,F,F,F,F,F,F,F,"","341501",25,2,T,F,T,F,F,F,F,F,F,T
"Burke Hospice and Palliative Care, Inc.","1721 Enon Road","","Valdese","NC","28690-","(828)879-1601","Burke","HOS","1721 Enon Road","Valdese","NC","28690-","Burke Hospice and Palliative Care, Inc.","HOS0364",F,"943862",F,F,F,T,F,F,F,12/31/2018,F,F,F,F,F,F,F,F,F,F,"","341516",0,0,F,F,T,F,F,F,F,F,F,T
"Burke Palliative Care Center","1721 Enon Road","","Valdese","NC","28690-","(828)879-1601","Burke","HOS","1715 Enon Road","Valdese","NC","28640-","Burke Hospice and Palliative Care, Inc.","HOS1670",F,"980645",F,F,F,T,F,F,F,12/31/2018,F,F,F,F,F,F,F,F,F,F,"","341516",11,3,F,F,T,F,F,F,F,F,F,T
"Hospice & Palliative Care of Cabarrus County","5003 Hospice Lane","","Kannapolis","NC","28081-","(704)935-9434","Cabarrus","HOS","5005 Hospice Lane","Kannapolis","NC","28081-","Hospice of Cabarrus County, Inc.","HOS3389",F,"060456",F,F,F,T,F,F,F,12/31/2018,F,F,F,F,F,F,F,F,F,F,"","",14,10,F,F,T,F,F,F,F,F,F,T
"Hospice and Palliative Care of Cabarrus County","5003 Hospice Lane","","Kannapolis","NC","28081-","(704)935-9434","Cabarrus","HOS","5003 Hospice Lane","Kannapolis","NC","28081-","Hospice of Cabarrus County, Inc.","HOS0365",F,"923863",F,F,F,T,F,F,F,12/31/2018,F,F,F,F,F,F,F,F,F,F,"","341508",0,0,F,F,T,F,F,F,F,F,F,T
"Caldwell Hospice & Palliative Care","902 Kirkwood Street, NW","","Lenoir","NC","28645-","(828)754-0101","Caldwell","HOS","526 Pine Mountain Road","Hudson","NC","28638-","Caldwell Hospice and Palliative Care, Inc.","HOS4155",F,"070387",F,F,F,T,F,F,F,12/31/2018,F,F,F,F,F,F,F,F,F,F,"","",8,4,F,F,T,F,F,F,F,F,F,F
"Caldwell Hospice and Palliative Care, Inc.","902 Kirkwood St. NW","","Lenoir","NC","28645","(828)754-0101","Caldwell","HOS","902 Kirkwood St. NW","Lenoir","NC","28645","Caldwell Hospice and Palliative Care, Inc.","HOS0185",F,"943646",F,F,F,T,F,F,F,12/31/2018,F,F,F,F,F,F,F,F,F,F,"","341504",4,2,F,F,T,F,F,F,F,F,F,F
"Carteret Health Care Home Health & Hospice","P. O. Box 1619","","Morehead City","NC","28557","(252)499-6081","Carteret","HOS","3722 Bridges St. Suite 201","Morehead City","NC","28557","Carteret County General Hospital Corporation","HOS0613",F,"923864",F,F,F,T,F,F,F,12/31/2018,F,F,F,F,F,F,F,F,F,F,"","341579",0,0,T,F,F,F,F,F,F,F,F,F
"Community Home Care and Hospice","P.O. Box 4060","Attn Regulatory","Mooresville","NC","28117-","(252)240-1142","Carteret","HOS","710 Arendell Street, Kirkman Whitford Bldg. Office 203C","Morehead City","NC","28557-","Community Hospice, LLC","HOS2998",F,"050352",F,F,F,T,F,F,F,12/31/2018,F,F,F,F,F,F,F,F,F,F,"","",0,0,F,F,T,F,F,F,F,F,F,F
"Continuum Home Care & Hospice of Carteret County","210 Foxhall Rd","","Newport","NC","28570-","(252)223-2560","Carteret","HOS","210 Foxhall Road","Newport","NC","28570-","Continuum II Home Care & Hospice , Inc.","HOS3239",F,"051393",F,F,F,T,F,F,F,12/31/2018,F,F,F,F,F,F,F,F,F,F,"","",0,0,F,F,F,F,F,F,F,F,F,F
"Liberty Home Care and Hospice","1206 Arendell Street","","Morehead City","NC","28557-","(252)247-0644","Carteret","HOS","1206 Arendell Street","Morehead City","NC","28557-","Liberty Home Care, LLC","HOS3048",F,"050524",F,F,F,T,F,F,F,12/31/2018,F,F,F,F,F,F,F,F,F,F,"","",0,0,F,F,T,F,F,F,F,F,F,F
"SECU Crystal Coast Hospice House","2402 Wayne Memorial Drive","","Goldsboro","NC","27534-","(919)735-1387","Carteret","HOS","100 Big Rock Weigh","Newport","NC","28570-8121","Home Health and Hospice Care, Inc.","HOS4623",F,"110699",F,F,F,T,F,F,F,12/31/2018,F,F,F,F,F,F,F,F,F,F,"","",6,4,F,F,F,F,F,F,F,F,T,F
"Catawba Regional Hospice","3975 Robinson Road","","Newton","NC","28658-","(828)466-0466","Catawba","HOS","3975 Robinson Road","Newton","NC","28658-","Palliative Care Center & Hospice of Catawba Valley, Inc","HOS0367",F,"923865",F,F,F,T,F,F,F,12/31/2018,F,F,F,F,F,F,F,F,F,F,"","341535",0,0,T,F,F,F,F,F,F,F,F,F
"Catawba Valley Hospice House","3975 Robinson Road","","Newton","NC","28658-","(828)466-0466","Catawba","HOS","3961 Robinson Road","Newton","NC","28658-","Palliative Care Center & Hospice of Catawba Valley, Inc","HOS3144",F,"050937",F,F,F,T,F,F,F,12/31/2018,F,F,F,F,F,F,F,F,F,F,"","",11,10,T,F,F,F,F,F,F,F,F,F
"Sherrills Ford Hospice House","3975 Robinson Road","","Newton","NC","28658-","(828)466-0466","Catawba","HOS","7473 Sherrills Ford Road","Sherrills Ford","NC","28673-","Palliative CareCenter & Hospice of Catawba Valley, Inc.","HOS4445",F,"090351",F,F,F,F,F,F,F,12/31/2018,F,F,F,F,F,F,F,F,F,F,"","",6,0,T,F,F,F,F,F,F,F,F,F
"Community Home Care and Hospice","P.O. Box 4060","Attn: Regulatory","Mooresville","NC","28117-","(919)663-1244","Chatham","HOS","108 Village Lake Road, Building 1","Siler City","NC","27344-1821","Carrolton Home Care, LLC","HOS2983",F,"050278",F,F,F,F,F,F,F,12/31/2018,F,F,F,F,F,F,F,F,F,F,"","",0,0,F,F,T,F,F,F,F,F,F,F
"Liberty Home Care and Hospice","401 East 3rd Street","","Siler City","NC","27344-","(919)742-4893","Chatham","HOS","401 East 3rd Street","Siler City","NC","27344-","Liberty Home Care II, LLC","HOS3149",F,"050955",F,F,F,T,F,F,F,12/31/2018,F,F,F,F,F,F,F,F,F,F,"","",0,0,F,F,T,F,F,F,F,F,F,F
"SECU Jim & Betsy Bryan Hospice Home of UNC Health Care","P.O. Box 1077","","Pittsboro","NC","27312-","(984)215-2677","Chatham","HOS","100 Roundtree Way","Pittsboro","NC","27312-","Univeristy of North Carolina Hospitals","HOS4907",F,"170349",F,F,F,T,F,F,F,12/31/2018,F,F,F,F,F,F,F,F,F,F,"","",6,4,T,F,F,F,F,F,F,F,F,F
"Transitions LifeCare","250 Hospice Circle","","Raleigh","NC","27607-","(919)828-0890","Chatham","HOS","72 Hillsboro Street, Suite 105","Pittsboro","NC","27228-","Hospice of Wake County, Inc.","HOS3135",F,"050886",F,F,F,T,F,F,F,12/31/2018,F,F,F,F,F,F,F,F,F,F,"","",0,0,F,F,T,F,F,F,F,F,F,F
"UNC Hospice","P O Box 1077","","Pittsboro","NC","27312","(984)215-2650","Chatham","HOS","287 East Street, Suite 221","Pittsboro","NC","27312-8637","University of North Carolina Hospitals","HOS0370",F,"953866",F,F,F,T,F,F,F,12/31/2018,F,F,F,F,F,F,F,F,F,F,"","341531",0,0,T,F,F,F,F,F,F,F,F,F
"Continuum Home Care & Hospice of Chowan County","1341 Paradise Road","PO Box 566","Edenton","NC","27932-","(252)482-7481","Chowan","HOS","1341 Paradise Road  PO Box 566","Edenton","NC","27932-","Continuum II Home Care & Hospice, Inc.","HOS3319",F,"060129",F,F,F,T,F,F,F,12/31/2018,F,F,F,F,F,F,F,F,F,F,"","",0,0,F,F,F,F,F,F,F,F,F,F
"Hospice Cleveland County","951 Wendover Heights Drive","","Shelby","NC","28150","(704)487-4677","Cleveland","HOS","951 Wendover Heights Drive","Shelby","NC","28150","Hospice of Cleveland County, Inc.","HOS0371",F,"953867",F,F,F,T,F,F,F,12/31/2018,F,F,F,F,F,F,F,F,F,F,"","",0,0,T,F,F,F,F,F,F,F,F,T
"Testa Family Hospice House","951 Wendover Heights Drive","","Shelby","NC","28150-","(704)487-4677","Cleveland","HOS","321 Kings Mountain Blvd.","Kings Mountain","NC","28086-","Hospice of Cleveland County, Inc","HOS4089",F,"080341",F,F,F,T,F,F,F,12/31/2018,F,F,F,F,F,F,F,F,F,F,"","341520",4,4,F,F,F,F,F,F,F,F,F,T
"Wendover Hospice House","951 Wendover Heights Drive","","Shelby","NC","28150-3565","(704)487-7018","Cleveland","HOS","953 Wendover Heights Drive","Shelby","NC","28150-3565","Hospice of Cleveland County, Inc.","HOS1413",F,"960418",F,F,F,T,F,F,F,12/31/2018,F,F,F,F,F,F,F,F,F,F,"","341520",6,10,T,F,F,F,F,F,F,F,F,T
"Community Home Care and Hospice","P.O. Box 4060","Attn: Regulatory","Mooresville","NC","28117-","(704)664-2876","Columbus","HOS","333 Jefferson Street","Whiteville","NC","28472-","Carrolton Home Care, LLC","HOS3011",F,"050351",F,F,F,T,F,F,F,12/31/2018,F,F,F,F,F,F,F,F,F,F,"","",0,0,F,F,T,F,F,F,F,F,F,F
"Liberty Home Care and Hospice","44 McNeill Plaza","","Whiteville","NC","28472-","(910)641-4095","Columbus","HOS","44 McNeill Plaza","Whiteville","NC","28472-","Liberty Home Care, LLC","HOS2007",F,"010310",F,F,F,T,F,F,F,12/31/2018,F,F,F,F,F,F,F,F,F,F,"","",0,0,F,F,T,F,F,F,F,F,F,F
"Lower Cape Fear Hospice and Life CareCenter","1414 Physicians Drive","","Wilmington,","NC","28401-","(910)642-9051","Columbus","HOS","206 Warrior Trail","Whiteville","NC","28472-0236","Lower Cape Fear Hospice, Inc.","HOS0417",F,"953972",F,F,F,T,F,F,F,12/31/2018,F,F,F,F,F,F,F,F,F,F,"","341515",6,0,F,F,T,F,F,F,F,F,F,F
"Community Hospice LLC","P.O. Box 4060","Attn: Regulatory","Mooresville","NC","28117-","(252)672-8301","Craven","HOS","1423-A South Glenburnie Road","New Bern","NC","28563-","Community Hospice, LLC","HOS2302",F,"030252",F,F,F,F,F,F,F,12/31/2018,F,F,F,F,F,F,F,F,F,F,"","341586",0,0,F,F,T,F,F,F,F,F,F,F
"Continuum Home Care & Hospice of Craven County","1505 s. Glenburnie Road","Unit M","New Bern","NC","28562-","(252)638-6821","Craven","HOS","1505 South Glenburnie Road, Unit M","New Bern","NC","28562-","Continuum II Home Care & Hospice, Inc.","HOS3238",F,"051394",F,F,F,T,F,F,F,12/31/2018,F,F,F,F,F,F,F,F,F,F,"","",0,0,F,F,F,F,F,F,F,F,F,F
"Craven County Hospice","P.O. Box 12610","","New Bern","NC","28561-","(252)636-4930","Craven","HOS","2818 Neuse Blvd.","New Bern","NC","28562-","Craven County","HOS4682",F,"130161",F,F,F,T,F,F,F,12/31/2018,F,F,F,F,F,F,F,F,F,F,"","341545",0,0,F,F,F,F,F,F,F,F,F,F
"PruittHealth Hospice - New Bern","1626 Jeurgens Court","","Norcross","GA","30093-","(252)633-4311","Craven","HOS","810 Kennedy Avenue","New Bern","NC","28560-","PruittHealth Hospice, Inc.","HOS3347",F,"060194",F,F,F,T,F,F,F,12/31/2018,F,F,F,F,F,F,F,F,F,F,"","",0,0,F,F,F,F,F,F,F,F,F,F
"Cape Fear Valley Hospice and Palliative Care","P. O. Box 51266","","Lafayette","LA","70505-1266","(910)609-6710","Cumberland","HOS","3400 Walsh Parkway; Suite 100","Fayetteville","NC","28311-1642","Cape Fear Valley HomeCare and Hospice, LLC","HOS4799",F,"150389",F,F,F,T,F,F,F,12/31/2018,F,F,F,F,F,F,F,F,F,F,"","341562",0,0,T,F,F,F,F,F,F,F,F,F
"Continuum Home Care & Hospice of Cumberland County","2461 Legion Road","","Fayetteville","NC","28306-","(910)424-9417","Cumberland","HOS","2461 Legion Road","Fayetteville","NC","28306-","Continuum II Home Care & Hospice, Inc.","HOS3272",F,"051479",F,F,F,T,F,F,F,12/31/2018,F,F,F,F,F,F,F,F,F,F,"","",0,0,F,F,F,F,F,F,F,F,F,F
"Liberty Home Care and Hospice","1830 Owen Drive","Suite 103","Fayetteville","NC","28304-","(910)864-9210","Cumberland","HOS","1830 Owen Drive; Suite 103","Fayetteville","NC","28304-","Liberty Home Care, LLC.","HOS2004",F,"010307",F,F,F,T,F,F,F,12/31/2018,F,F,F,F,F,F,F,F,F,F,"","",0,0,F,F,T,F,F,F,F,F,F,F
"PruittHealth Hospice - Fayetteville","1626 Jeurgens Court","","Norcross","GA","30093-","(910)483-1793","Cumberland","HOS","2944 Breezewood Avenue, Suite 102","Fayetteville","NC","28303-","PruittHealth Hospice, Inc.","HOS4746",F,"150153",F,F,F,T,F,F,F,12/31/2018,F,F,F,F,F,F,F,F,F,F,"","",0,0,F,F,F,F,F,F,F,F,F,F
"Continuum Home Care & Hospice of Dare County","3886 Henderson Drive","","Jacksonville","NC","28546-","(888)814-8904","Dare","HOS","110 W. Barnes Street","Nags Head","NC","27959-","Continuum II Home Care & Hospice, Inc.","HOS3320",F,"060130",F,F,F,T,F,F,F,12/31/2018,F,F,F,F,F,F,F,F,F,F,"","",0,0,F,F,F,F,F,F,F,F,F,F
"Hospice of Davidson County, Inc.","200 Hospice Way","","Lexington","NC","27292-","(336)475-5444","Davidson","HOS","200 Hospice Way","Lexington","NC","27292-","Hospice of Davidson County, NC Inc.","HOS0372",F,"953868",F,F,F,T,F,F,F,12/31/2018,F,F,F,F,F,F,F,F,F,F,"","341553",0,0,F,F,T,F,F,F,F,F,F,F
"Hospice of Davidson County/ Hinkle Hospice House","200 Hospice Way","","Lexington","NC","27292-","(336)474-2096","Davidson","HOS","202 Hospice Way","Lexington","NC","27292-","Hospice of Davidson County, NC, Inc.","HOS3784",F,"090195",F,F,F,T,F,F,F,12/31/2018,F,F,F,F,F,F,F,F,F,F,"","",8,4,F,F,T,F,F,F,F,F,F,F
"Liberty Home Care and Hospice","1007 Lexington Avenue","","Thomasville","NC","27360-","(336)472-0391","Davidson","HOS","1007 Lexington Avenue","Thomasville","NC","27360-","Liberty Home Care II, LLC","HOS3051",F,"050521",F,F,F,T,F,F,F,12/31/2018,F,F,F,F,F,F,F,F,F,F,"","",0,0,F,F,T,F,F,F,F,F,F,F
"Liberty Home Care and Hospice","1007 Lexington Avenue","","Thomasville","NC","27360-","(336)472-0391","Davidson","HOS","1007 Lexington Avenue","Thomasville","NC","27360-","Liberty Home Care II, LLC","HOS3050",F,"050521",F,F,F,T,F,F,F,12/31/2018,F,F,F,F,F,F,F,F,F,F,"","",0,0,F,F,T,F,F,F,F,F,F,F
"Hospice & Palliative CareCenter","101 Hospice Lane","","Winston-Salem","NC","27103-","(336)768-3972","Davie","HOS","377 Hospital Street,  Suite 103","Mocksville","NC","27028-","Hospice & Palliative CareCenter","HOS3084",F,"050668",F,F,F,T,F,F,F,12/31/2018,F,F,F,F,F,F,F,F,F,F,"","341502",0,0,F,F,T,F,F,F,F,F,F,F
"Well Care Hospice, Inc.","6752 Parker Farm Drive","Suite 210","Wilmington","NC","28405-","(910)362-9405","Davie","HOS","5380 US Highway 158; Suite 210","Advance","NC","27006-","Well Care Hospice, Inc.","HOS4966",F,"180019",F,F,F,T,F,F,F,12/31/2018,F,F,F,F,F,F,F,F,F,F,"","",0,0,F,F,F,F,F,F,F,F,F,F
"Liberty Home Care and Hospice","115 East Main Street, Suite 105","","Wallace","NC","28466-","(910)285-4954","Duplin","HOS","115 East Main Street, Suite 105","Wallace","NC","28466-","Liberty Home Care and Hospice","HOS3303",F,"060038",F,F,F,T,F,F,F,12/31/2018,F,F,F,F,F,F,F,F,F,F,"","",0,0,F,F,T,F,F,F,F,F,F,F
"Community Home Care and Hospice","P.O. Box 4060","Attn: Regulatory","Mooresville","NC","28117-","(919)806-5040","Durham","HOS","1738 Hillandale Road, Suite 203","Durham","NC","27705-","Community Home Care of Vance County, LLC","HOS2958",F,"050106",F,F,F,T,F,F,F,12/31/2018,F,F,F,F,F,F,F,F,F,F,"","",0,0,F,F,T,F,F,F,F,F,F,F
"Community Home Care and Hospice","P.O. Box 4060","Attn: Regulatory","Mooresville","NC","28117-","(919)358-9021","Durham","HOS","2338 Operations Dr., Suite C","Durham","NC","27705-","Community HomeCare of Robeson County, LLC","HOS4029",F,"100144",F,F,F,T,F,F,F,12/31/2018,F,F,F,F,F,F,F,F,F,F,"","",0,0,F,F,F,F,F,F,F,F,F,F
"Duke Hospice","4321 Medical Park Drive  Suite 101","","Durham","NC","27704-","(919)620-3853","Durham","HOS","4321 Medical Park Drive  Suite 101","Durham","NC","27704-","Duke  University Health System, Inc.","HOS0021",F,"954190",F,F,F,T,F,F,F,12/31/2018,F,F,F,F,F,F,F,F,F,F,"","341507",0,0,T,F,F,F,F,F,F,F,F,F
"Duke Hospice, Hock Family Pavilion","4023 N. Roxboro Road","","Durham","NC","27704-","(919)620-3853","Durham","HOS","4023 N. Roxboro Road","Durham","NC","27704-","Duke University Health System, Inc.","HOS3793",F,"090223",F,F,F,T,F,F,F,12/31/2018,F,F,F,F,F,F,F,F,F,F,"","",12,0,T,F,F,F,F,F,F,F,F,F
"Liberty Home Care and Hospice","3414 N. Duke Street","Suite 201","Durham","NC","27704-","(919)477-4239","Durham","HOS","3414 N. Duke Street; Suite 201","Durham","NC","27704-","Liberty Home Care, LLC","HOS3304",F,"060039",F,F,F,T,F,F,F,12/31/2018,F,F,F,F,F,F,F,F,F,F,"","",0,0,F,F,T,F,F,F,F,F,F,F
"Transitions LifeCare","250 Hospice Circle","","Raleigh","NC","27607-","(919)828-0890","Durham","HOS","1822 E. NC Hwy. 54, Suite 175","Durham","NC","27713-","Hospice of Wake County, Inc.","HOS3126",F,"050833",F,F,F,T,F,F,F,12/31/2018,F,F,F,F,F,F,F,F,F,F,"","",0,0,F,F,T,F,F,F,F,F,F,F
"Community Home Care and Hospice","P.O. Box 4060","Attn: Regulatory","Mooresville","NC","28117-","(252)823-1155","Edgecombe","HOS","401 W. Wilson Street","Tarboro","NC","27886-4236","Community Home Care & Hospice, LLC","HOS2985",F,"050277",F,F,F,T,F,F,F,12/31/2018,F,F,F,F,F,F,F,F,F,F,"","",0,0,F,F,T,F,F,F,F,F,F,F
"Kindred Hospice","12900 Foster; Suite 400","Attn. Licensing & Certification Dep","Overland Park","KS","66213-2696","(252)641-4877","Edgecombe","HOS","1712 W. Howard Avenue","Tarboro","NC","27886-3409","Capital Care Resources, LLC","HOS4887",F,"170133",F,F,F,T,F,F,F,12/31/2018,F,F,F,F,F,F,F,F,F,F,"","341581",0,0,F,F,F,F,F,F,F,F,F,F
"Hospice & Palliative CareCenter","101 Hospice Lane","Building 141","Winston-Salem","NC","27103-","(336)768-3972","Forsyth","HOS","101 Hospice Lane; Building 141","Winston-Salem","NC","27103-","Hospice & Palliative CareCenter","HOS4614",F,"130114",F,F,F,T,F,F,F,12/31/2018,F,F,F,F,F,F,F,F,F,F,"","341502",0,0,F,F,T,F,F,F,F,F,F,F
"Kate B. Reynolds Hospice Home","101 Hospice Lane","","Winston Salem","NC","27103-","(336)768-3972","Forsyth","HOS","101 Hospice Lane","Winston Salem","NC","27103-","Hospice & Palliative CareCenter","HOS1603",F,"980206",F,F,F,T,F,F,F,12/31/2018,F,F,F,F,F,F,F,F,F,F,"","341502",30,10,F,F,T,F,F,F,F,F,F,F
"Amedisys Hospice","3320 US 1 Highway, Suite B","","Franklinton","NC","27525-8438","(919)494-3773","Franklin","HOS","3320 US 1 Highway, Suite B","Franklinton","NC","27525-8438","Tender Loving Care Health Care Services Southeast L.L.C","HOS3826",F,"090440",F,F,F,T,F,F,F,12/31/2018,F,F,F,F,F,F,F,F,F,F,"","",0,0,F,F,T,F,F,F,F,F,F,F
"Community Home Care and Hospice","P.O. Box 4060","Attn: Regulatory","Mooresville","NC","28117-","(919)496-1206","Franklin","HOS","102 West Nash Street, Suite F","Louisburg","NC","27549-2170","Community Home Care & Hospice, LLC","HOS3005",F,"050346",F,F,F,T,F,F,F,12/31/2018,F,F,F,F,F,F,F,F,F,F,"","341585",0,0,F,F,T,F,F,F,F,F,F,F
"Continuum Home Care & Hospice of Franklin County","1704 NC 39 Highway N","","Louisburg","NC","27549-","(419)496-7222","Franklin","HOS","1704 NC 39 Highway N","Louisburg","NC","27549-","Continuum II Home Care & Hospice, Inc.","HOS3250",F,"051433",F,F,F,T,F,F,F,12/31/2018,F,F,F,F,F,F,F,F,F,F,"","",0,0,F,F,F,F,F,F,F,F,F,F
"Transitions LifeCare","250 Hospice Circle","","Raleigh","NC","27607-","(919)828-0890","Franklin","HOS","Suite 92, One Park Place Bldg., 60 Wheaton Ave.","Youngsville","NC","27596-","Hospice of  Wake County, Inc.","HOS3125",F,"050831",F,F,F,T,F,F,F,12/31/2018,F,F,F,F,F,F,F,F,F,F,"","",0,0,F,F,T,F,F,F,F,F,F,F
"Robin Johnson House - Gaston Hospice","P.O. Box 3984","","Gastonia","NC","28054-","(704)922-4211","Gaston","HOS","5005 Shepherds Way Drive","Dallas","NC","28034-","Hospice of Gaston County, Inc.","HOS3717",F,"070459",F,F,F,F,F,F,F,12/31/2018,F,F,F,F,F,F,F,F,F,F,"","",13,6,F,F,T,F,F,F,F,F,F,F
"Continuum Home Care & Hospice of Graham County","P.O. Box 1147","811 Snowbird Road","Robbinsville","NC","28771-","(282)479-8421","Graham","HOS","811 Snowbird Road  PO Box1147","Robbinsville","NC","28771-","Continuum II Home Care & Hospice, Inc.","HOS3325",F,"060134",F,F,F,T,F,F,F,12/31/2018,F,F,F,F,F,F,F,F,F,F,"","",0,0,F,F,F,F,F,F,F,F,F,F
"Transitions LifeCare","250 Hospice Circle","","Raleigh","NC","27607-","(919)828-0890","Granville","HOS","107 Lake Rd Suite#2","Creedmoor","NC","27522-","Hospice of Wake County, Inc.","HOS3133",F,"050884",F,F,F,T,F,F,F,12/31/2018,F,F,F,F,F,F,F,F,F,F,"","",0,0,F,F,T,F,F,F,F,F,F,F
"Continuum  Home Care & Hospice of Greene County","1304 SE 2nd Street","","Snow Hill","NC","28580-","(252)747-8126","Greene","HOS","1304 SE 2nd Street","Snow Hill","NC","28580-","Continuum II Home Care & Hospice, Inc.","HOS3310",F,"060078",F,F,F,T,F,F,F,12/31/2018,F,F,F,F,F,F,F,F,F,F,"","",0,0,F,F,F,F,F,F,F,F,F,F
"Hospice Home at High Point","1801 Westchester Drive","","High  Point","NC","27262-","(336)889-8446","Guilford","HOS","1803 Westchester Drive","High Point","NC","27262-","Hospice of the Piedmont, Inc.","HOS3522",F,"061161",F,F,F,T,F,F,F,12/31/2018,F,F,F,F,F,F,F,F,F,F,"","",15,3,F,F,T,F,F,F,F,F,F,F
"Hospice and Palliative Care of Greensboro","2501 Summit Avenue","","Greensboro","NC","27405-","(336)621-2500","Guilford","HOS","2501 Summit Avenue","Greensboro","NC","27405-","Hospice At Greensboro, Inc.","HOS3148",F,"050946",F,F,F,T,F,F,F,12/31/2018,F,F,F,F,F,F,F,F,F,F,"","",0,0,F,F,T,F,F,F,F,F,F,F
"Hospice and Palliative Care of Greensboro-Beacon Place","2500 Summit Avenue","","Greensboro","NC","27405-","(336)621-5301","Guilford","HOS","2500 Summit Avenue","Greensboro","NC","27405-","Hospice at Greensboro, Inc.","HOS1416",F,"960438",F,F,F,T,F,F,F,12/31/2018,F,F,F,F,F,F,F,F,F,F,"","341503",11,3,F,F,T,F,F,F,F,F,F,F
"Hospice of the Piedmont, Inc.","1801 Westchester Drive","","High Point","NC","27262-","(336)889-8446","Guilford","HOS","1801 Westchester Drive","High Point","NC","27262-","Hospice of the Piedmont, Inc.","HOS1581",F,"980080",F,F,F,T,F,F,F,12/31/2018,F,F,F,F,F,F,F,F,F,F,"","341511",0,0,F,F,T,F,F,F,F,F,F,F
"Community Home Care and Hospice","P.O. Box 4060","Attn: Regulatory","Mooresville","NC","28117-","(252)535-1605","Halifax","HOS","525 Becker Drive, Side A","Roanoke Rapids","NC","27870-","Community Home Care & Hospice, LLC","HOS3009",F,"050349",F,F,F,T,F,F,F,12/31/2018,F,F,F,F,F,F,F,F,F,F,"","",0,0,F,F,T,F,F,F,F,F,F,F
"Community Home Care and Hospice","P.O. Box 4060","Regulatory","Mooresville","NC","28117-","(910)892-7548","Harnett","HOS","1231 North Main Street","Lillington","NC","27546-","Carrolton Home Care, LLC","HOS2048",F,"010673",F,F,F,T,F,F,F,12/31/2018,F,F,F,F,F,F,F,F,F,F,"","",0,0,F,F,T,F,F,F,F,F,F,F
"Continuum Home Care & Hospice of Harnett County","PO Box 1597","","Dunn","NC","28335-","(910)891-4600","Harnett","HOS","604 Lucas Road","Dunn","NC","28334-","Continuum II Home Care & Hospice, Inc.","HOS3306",F,"060045",F,F,F,T,F,F,F,12/31/2018,F,F,F,F,F,F,F,F,F,F,"","",0,0,F,F,F,F,F,F,F,F,F,F
"Liberty Home Care and Hospice","105 Hunt Valley Drive","","Dunn","NC","28334-","(910)892-1906","Harnett","HOS","105 Hunt Valley Drive","Dunn","NC","28334-","Liberty Home Care II, LLC","HOS3067",F,"050585",F,F,F,T,F,F,F,12/31/2018,F,F,F,F,F,F,F,F,F,F,"","",0,0,F,F,T,F,F,F,F,F,F,F
"Transitions  LifeCare","250 Hospice Circle","","Raleigh","NC","27607-","(919)828-0890","Harnett","HOS","20 North Broad Street East","Angier","NC","27501-","Hospice of  Wake County, Inc.","HOS0375",F,"943870",F,F,F,T,F,F,F,12/31/2018,F,F,F,F,F,F,F,F,F,F,"","341519",0,0,T,F,T,F,F,F,F,F,F,F
"Haywood Hospice & Palliative Care","P. O. Box 51266","","Lafayette","LA","70505-1266","(828)452-5039","Haywood","HOS","127 Sunset Ridge Road","Clyde","NC","28721-","North Carolina In-Home Partner-IV, LLC","HOS3825",F,"090428",F,F,F,T,F,F,F,12/31/2018,F,F,F,F,F,F,F,F,F,F,"","341550",6,0,F,F,F,F,F,F,F,F,F,F
"Four Seasons Compassion for Life","571 South Allen Road","","Flat Rock","NC","28731-","(828)692-6178","Henderson","HOS","571 South Allen Road","Flat Rock","NC","28731-","Hospice of Henderson County, Inc.","HOS0386",F,"953871",F,F,F,T,F,F,F,12/31/2018,F,F,F,F,F,F,F,F,F,F,"","341530",0,0,T,F,F,F,F,F,F,F,F,F
"Four Seasons Compassion for Life","581 South Allen Road","","Flat Rock","NC","28731-","(828)692-6178","Henderson","HOS","581 South Allen Road","Flat Rock","NC","28731-","Hospice Of Henderson County, Inc.","HOS2143",F,"020223",F,F,F,T,F,F,F,12/31/2018,F,F,F,F,F,F,F,F,F,F,"","",19,0,T,F,F,F,F,F,F,F,F,F
"Vidant Home Health and Hospice","P O Box 272","","Ahoskie","NC","27910","(252)332-3392","Hertford","HOS","521 Myers Street","Ahoskie","NC","27910-","HealthAccess, Inc.","HOS0425",F,"954105",F,F,F,T,F,F,F,12/31/2018,F,F,F,F,F,F,F,F,F,F,"","341518",0,0,T,F,F,F,F,F,F,F,F,F
"Liberty Home Care and Hospice","336 South Main Street","","Raeford","NC","28376-","(910)875-8198","Hoke","HOS","336 South Main Street","Raeford","NC","28376-","Liberty Home Care II, LLC","HOS2290",F,"030100",F,F,F,T,F,F,F,12/31/2018,F,F,F,F,F,F,F,F,F,F,"","",0,0,F,F,T,F,F,F,F,F,F,F
"Community Home Care and Hospice","P.O. Box 4060","Attn Regulatory","Mooresville","NC","28117-","(704)871-8036","Iredell","HOS","1308 Davie Avenue","Statesville","NC","28677-","Community Home Care of Vance County, LLC","HOS3273",F,"051478",F,F,F,T,F,F,F,12/31/2018,F,F,F,F,F,F,F,F,F,F,"","",0,0,F,F,T,F,F,F,F,F,F,F
"Gordon Hospice House","2341 Simonton Road","","Statesville","NC","28625-","(704)761-2400","Iredell","HOS","2341 Simonton Road","Statesville","NC","28625-","Hospice of Iredell County, Inc.","HOS3181",F,"051157",F,F,F,F,F,F,F,12/31/2018,F,F,F,F,F,F,F,F,F,F,"","",15,0,F,F,T,F,F,F,F,F,F,F
"Hospice of Iredell County, Inc.","2347 Simonton Road","","Statesville","NC","28625-","(704)663-0051","Iredell","HOS","202 Williamson Road, Suite 201","Mooresville","NC","28117-","Hospice of Iredell County, Inc.","HOS1338",F,"956853",F,F,F,T,F,F,F,12/31/2018,F,F,F,F,F,F,F,F,F,F,"","341517",0,0,F,F,T,F,F,F,F,F,F,F
"Hospice of Iredell County, Inc.","2347 Simonton Road","","Statesville","NC","28625-","(704)873-4719","Iredell","HOS","2347 Simonton Road","Statesville","NC","28625-","Hospice of Iredell County, Inc.","HOS0387",F,"923872",F,F,F,T,F,F,F,12/31/2018,F,F,F,F,F,F,F,F,F,F,"","341517",0,0,F,F,T,F,F,F,F,F,F,F
"Harris Palliative Care and Hospice","P.O. Box 51266","","Lafayette","LA","70505-1266","(828)631-1702","Jackson","HOS","81 Medical Park Loop; Suite 204","Sylva","NC","28779-","North Carolina In-Home Partner II, LLC","HOS4650",F,"140066",F,F,F,T,F,F,F,12/31/2018,F,F,F,F,F,F,F,F,F,F,"","",0,0,F,F,F,F,F,F,F,F,F,F
"Community Home Care and Hospice","P.O. Box 4060","AttnL Regulatory","Mooresville","NC","28117-","(919)989-7276","Johnston","HOS","208 Butternut Lane","Clayton","NC","27520-5857","Community Home Care of  Vance County, LLC","HOS2135",F,"020133",F,F,F,T,F,F,F,12/31/2018,F,F,F,F,F,F,F,F,F,F,"","",0,0,F,F,T,F,F,F,F,F,F,F
"Continuum Home Care & Hospice of Johnston County","515 Barbour Road","","Smithfield","NC","27577-","(919)934-6017","Johnston","HOS","515 Barbour Road","Smithfield","NC","27577-","Continuum II Home Care & Hospice, Inc.","HOS3252",F,"051436",F,F,F,F,F,F,F,12/31/2018,F,F,F,F,F,F,F,F,F,F,"","",0,0,F,F,F,F,F,F,F,F,F,F
"Liberty Home Care and Hospice","1317 North Bright Leaf Blvd.","Suite # C","Smithfield","NC","27577-","(919)989-6792","Johnston","HOS","1317 North Bright Leaf Blvd.; Suite # C","Smithfield","NC","27577-","Liberty Home Care II, LLC","HOS3069",F,"050624",F,F,F,T,F,F,F,12/31/2018,F,F,F,F,F,F,F,F,F,F,"","",0,0,F,F,T,F,F,F,F,F,F,F
"SECU Hospice House of Johnston Health","P.O. Box 1376","","Smithfield","NC","27577-","(919)934-8171","Johnston","HOS","426 Hospital Road","Smithfield","NC","27577-","Johnston Health Services Corporation","HOS4088",F,"060505",F,F,F,T,F,F,F,12/31/2018,F,F,F,F,F,F,F,F,F,F,"","341561",12,6,T,F,F,F,F,F,F,F,F,T
"Transitions LifeCare","250 Hospice Circle","","Raleigh","NC","27607-","(919)828-0890","Johnston","HOS","486 Highway 42 West, Suite 200","Clayton","NC","27520-","Hospice of Wake County, Inc.","HOS3124",F,"050832",F,F,F,T,F,F,F,12/31/2018,F,F,F,F,F,F,F,F,F,F,"","",0,0,F,F,T,F,F,F,F,F,F,F
"Community Home Care & Hospice","P.O. Box 4060","Attn: Regulatory","Mooresville","NC","28117-","(919)718-5417","Lee","HOS","1836 Doctors Drive","Sanford","NC","27330-","Carrolton Home Care, LLC","HOS2034",F,"010528",F,F,F,T,F,F,F,12/31/2018,F,F,F,F,F,F,F,F,F,F,"","",0,0,F,F,T,F,F,F,F,F,F,F
"Liberty Home Care and Hospice","1005 Carthage Street","","Sanford","NC","27331-","(910)864-9210","Lee","HOS","1005 Carthage Street","Sanford","NC","27331-","Liberty Home Care II, LLC","HOS3086",F,"050675",F,F,F,T,F,F,F,12/31/2018,F,F,F,F,F,F,F,F,F,F,"","",0,0,F,F,T,F,F,F,F,F,F,F
"Community Home Care and Hospice","P.O. Box 4060","Attn: Regulatory","Mooresville","NC","28117-","(252)527-2201","Lenoir","HOS","115 Airport Road","Kinston","NC","28501-1603","Community Hospice ,LLC","HOS2984",F,"050273",F,F,F,F,F,F,F,12/31/2018,F,F,F,F,F,F,F,F,F,F,"","",0,0,F,F,T,F,F,F,F,F,F,F
"Continuum Home Care & Hospice of Lenoir County","508 Plaza Blvd.","","Kinston","NC","28501-","(252)527-3786","Lenoir","HOS","508 Plaza Blvd.","Kinston","NC","28501-","Continuum II Home Care & Hospice, Inc.","HOS3261",F,"051456",F,F,F,T,F,F,F,12/31/2018,F,F,F,F,F,F,F,F,F,F,"","",0,0,F,F,F,F,F,F,F,F,F,F
"Hospice & Palliative Care Lincoln County","7845 Little Avenue","","Charlotte","NC","28226-","(704)375-0100","Lincoln","HOS","900 Dontia Drive","Lincolnton","NC","28092-","Hospice & Palliative Care Charlotte Region","HOS0389",F,"953874",F,F,F,T,F,F,F,12/31/2018,F,F,F,F,F,F,F,F,F,F,"","341552",0,0,F,F,T,F,F,F,F,F,F,T
"Continuum Home Care & Hospice of Macon County","3195 Old Murphy Road","","Franklin","NC","28734-","(828)524-7806","Macon","HOS","3195 Old Murphy Road","Franklin","NC","28734-","Continuum II Home Care & Hospice, Inc.","HOS3312",F,"060084",F,F,F,F,F,F,F,12/31/2018,F,F,F,F,F,F,F,F,F,F,"","",0,0,F,F,F,F,F,F,F,F,F,F
"Four Seasons Compassion for Life","571 South Allen Road","","Flat Rock","NC","28731-","(828)692-6178","Macon","HOS","171 Hospital Drive, JW Building, Suite 600","Highlands","NC","28741-","Hospice of Henderson County, Inc.","HOS0390",F,"923875",F,F,F,T,F,F,F,12/31/2018,F,F,F,F,F,F,F,F,F,F,"","341580",0,0,T,F,F,F,F,F,F,F,F,F
"Community Home Care & Hospice","P.O. Box 4060","Attn: Regulatory","Mooresville","NC","28117-","(252)792-7199","Martin","HOS","200 Green Street, Suite 203","Williamston","NC","27892-2066","Community Hospice, LLC","HOS3008",F,"050348",F,F,F,T,F,F,F,12/31/2018,F,F,F,F,F,F,F,F,F,F,"","",0,0,F,F,T,F,F,F,F,F,F,F
"Continuum Home Care & Hospice of Martin County","1435 Hwy. 258","P.O. Box 6249","Kinston","NC","28501-","(252)792-1616","Martin","HOS","119 Gatling Street","Williamston","NC","27892-","Continuum II Home Care & Hospice, Inc.","HOS3317",F,"060117",F,F,F,T,F,F,F,12/31/2018,F,F,F,F,F,F,F,F,F,F,"","",0,0,F,F,F,F,F,F,F,F,F,F
"CarePartners Hospice & Palliative Care McDowell","68 Sweeten Creek Road","","Asheville","NC","28803-","(828)252-2255","McDowell","HOS","575 Airport Road","Marion","NC","28752-3103","Community CarePartners, Inc.","HOS1153",F,"944473",F,F,F,T,F,F,F,12/31/2018,F,F,F,F,F,F,F,F,F,F,"","341573",0,0,F,F,F,F,F,F,F,F,F,F
"East Mecklenburg Inpatient Unit at Aldersgate","7845 Little Avenue","","Charlotte","NC","28226-","(704)375-0100","Mecklenburg","HOS","3211 Bishops Way - Suite 1000","Charlotte","NC","28215-","Hospice & Palliative Care Charlotte Region","HOS4933",F,"170474",F,F,F,T,F,F,F,12/31/2018,F,F,F,F,F,F,F,F,F,F,"","",6,0,F,F,F,F,F,F,F,F,F,F
"Hospice & Palliative Care Charlotte Region","7845 Little Avenue","","Charlotte","NC","28226-","(704)375-0100","Mecklenburg","HOS","7845 Little Avenue","Charlotte","NC","28226-","Hospice & Palliative Care Charlotte Region","HOS3132",F,"050881",F,F,F,T,F,F,F,12/31/2018,F,F,F,F,F,F,F,F,F,F,"347098","",0,0,F,F,T,F,F,F,F,F,F,T
"Hospice & Palliative Care Charlotte Region","7845 Little Ave","","Charlotte","NC","28226-","(704)375-0100","Mecklenburg","HOS","1420 East Seventh Street","Charlotte","NC","28204-","Hospice & Palliative Care Charlotte Region","HOS4436",F,"110741",F,F,F,T,F,F,F,12/31/2018,F,F,F,F,F,F,F,F,F,F,"","",0,0,F,F,T,F,F,F,F,F,F,F
"Hospice & Palliative Care Lake Norman","7845 Little Avenue","","Charlotte","NC","28226-","(704)375-0100","Mecklenburg","HOS","705 Griffith Street  Suite 203","Davidson","NC","28036-","Hospice & Palliative Care Charlotte Region","HOS1702",F,"980881",F,F,F,T,F,F,F,12/31/2018,F,F,F,F,F,F,F,F,F,F,"","341500",0,0,F,F,T,F,F,F,F,F,F,T
"Levine & Dickson Hospice House","1420  East Seventh Street","","Charlotte","NC","28204-","(704)375-0100","Mecklenburg","HOS","11900 Vanstory Drive","Huntersville","NC","28078-","Hospice & Palliative Care Charlotte Region","HOS3727",F,"080130",F,F,F,T,F,F,F,12/31/2018,F,F,F,F,F,F,F,F,F,F,"","",16,0,F,F,T,F,F,F,F,F,F,F
"Levine & Dickson Hospice House at Southminster","7845 Little Avenue","","Charlotte","NC","28226-","(704)375-0100","Mecklenburg","HOS","8919 Park Road","Charlotte","NC","28210-","Hospice & Palliative Care Charlotte Region","HOS4588",F,"110345",F,F,F,T,F,F,F,12/31/2018,F,F,F,F,F,F,F,F,F,F,"","",10,0,F,F,T,F,F,F,F,F,F,F
"Novant Health Hospice","P. O. Box 33549","","Charlotte","NC","28233-3549","(704)384-6478","Mecklenburg","HOS","324 N McDowell Street","Charlotte","NC","28204-2215","The Presbyterian Hospital","HOS1445",F,"960796",F,F,F,T,F,F,F,12/31/2018,F,F,F,F,F,F,F,F,F,F,"","341575",0,0,T,F,F,F,F,F,F,F,F,T
"Hospice & Palliative Care  of the Blue Ridge, Inc.","236 Hospital Drive","","Spruce Pine","NC","28777-","(828)765-5677","Mitchell","HOS","236 Hospital Drive","Spruce Pine","NC","28777-","Hospice & Palliative Care of the Blue Ridge, Inc.","HOS0832",F,"953877",F,F,F,T,F,F,F,12/31/2018,F,F,F,F,F,F,F,F,F,F,"","341565",0,0,F,F,T,F,F,F,F,F,F,F
"Community Home Care and Hospice","P.O. Box 4060","Attn: Regulatory","Mooresville","NC","28117-","(910)576-0023","Montgomery","HOS","1024 Albemarle  Road, Suite 904","Troy","NC","27371-8684","Carrolton Home Care, LLC","HOS3199",F,"051230",F,F,F,T,F,F,F,12/31/2018,F,F,F,F,F,F,F,F,F,F,"","",0,0,F,F,T,F,F,F,F,F,F,F
"FirstHealth Hospice House","251 Campground Road","","West End","NC","27376-","(910)715-6000","Moore","HOS","251 Campground Road","West End","NC","27376-","FirstHealth of The Carolinas, Inc.","HOS4477",F,"110914",F,F,F,T,F,F,F,12/31/2018,F,F,F,F,F,F,F,F,F,F,"","",11,0,F,F,T,F,F,F,F,F,F,F
"Community Home Care and Hospice","P.O. Box 4060","Attn: Regulatory","Mooresville","NC","28117-","(252)442-4918","Nash","HOS","2479 Hurt Drive","Rocky Mount","NC","27804-7976","Community Home Care & Hospice, LLC","HOS2424",F,"030894",F,F,F,T,F,F,F,12/31/2018,F,F,F,F,F,F,F,F,F,F,"","",0,0,F,F,T,F,F,F,F,F,F,F
"Continuum Home Care & Hospice of Nash County","7369 Hunter Hill Road","","Rocky Mount","NC","27804-","(252)443-0867","Nash","HOS","7369 Hunter Hill Road","Rocky Mount","NC","27804-","Continuum II Home Care & Hospice, Inc.","HOS3309",F,"060077",F,F,F,T,F,F,F,12/31/2018,F,F,F,F,F,F,F,F,F,F,"","",0,0,F,F,F,F,F,F,F,F,F,F
"PruittHealth Hospice - Rocky Mount","1626 Jeurgens Court","","Norcross","GA","30093-","(252)442-9126","Nash","HOS","301 S. Church Street, Suite 135","Rocky Mount","NC","27804-","PruittHealth Hospice, Inc.","HOS3269",F,"051470",F,F,F,T,F,F,F,12/31/2018,F,F,F,F,F,F,F,F,F,F,"","341591",0,0,F,F,F,F,F,F,F,F,F,F
"Continuum Home Care & Hospice of New Hanover County","3015 Enterprise Drive","","Wilmington","NC","28405-","(910)791-3451","New Hanover","HOS","3015 Enterprise Drive","Wilmington","NC","28405-","Continuum II Home Care & Hospice, Inc.","HOS3322",F,"060132",F,F,F,T,F,F,F,12/31/2018,F,F,F,F,F,F,F,F,F,F,"","",0,0,F,F,F,F,F,F,F,F,F,F
"Liberty Home Care and Hospice","2550 South 41st Street","","Wilmington","NC","28403-","(910)362-9311","New Hanover","HOS","2550 South 41st Street","Wilmington","NC","28403-","Liberty Home Care, LLC.","HOS2008",F,"010311",F,F,F,T,F,F,F,12/31/2018,F,F,F,F,F,F,F,F,F,F,"","341569",0,0,F,F,T,F,F,F,F,F,F,F
"Lower Cape Fear Hospice and Life CareCenter","1414 Physicians Drive","","Wilmington","NC","28401-","(910)796-7900","New Hanover","HOS","1414 Physicians Drive","Wilmington","NC","28401-","Lower Cape Fear Hospice, Inc.","HOS0416",F,"923974",F,F,F,T,F,F,F,12/31/2018,F,F,F,F,F,F,F,F,F,F,"","341515",0,0,F,F,T,F,F,F,F,F,F,F
"Lower Cape Fear Hospice and Life CareCenter","1414 Physicians Drive","","Wilmington","NC","28401-","(910)762-9422","New Hanover","HOS","1406 Physician's Drive","Wilmington","NC","28401-","Lower Cape Fear Hospice, Inc.","HOS1557",F,"970916",F,F,F,T,F,F,F,12/31/2018,F,F,F,F,F,F,F,F,F,F,"","341515",18,0,F,F,T,F,F,F,F,F,F,F
"Continuum Home Care & Hospice of N. Hampton County","200 Hampton Woods Complex","","Jackson","NC","27845-","(252)534-0131","Northampton","HOS","200 Hampton Woods Complex","Jackson","NC","27845-","Continuum II Home Care & Hospice, Inc.","HOS3259",F,"051441",F,F,F,T,F,F,F,12/31/2018,F,F,F,F,F,F,F,F,F,F,"","",0,0,F,F,F,F,F,F,F,F,F,F
"Community Home Care and Hospice","P.O. Box 4060","Attn: Regulatory","Mooresville","NC","28117-","(910)346-2334","Onslow","HOS","662 W. Corbett Avenue","Swansboro","NC","28584-","Community Hospice, LLC","HOS3006",F,"050359",F,F,F,T,F,F,F,12/31/2018,F,F,F,F,F,F,F,F,F,F,"","",0,0,F,F,T,F,F,F,F,F,F,F
"Liberty Home Care and Hospice","1700 Country Club Road","","Jacksonville","NC","28546-","(910)937-0014","Onslow","HOS","1700 Country Club Road","Jacksonville","NC","28546-","Liberty Home Care, LLC.","HOS2005",F,"010308",F,F,F,T,F,F,F,12/31/2018,F,F,F,F,F,F,F,F,F,F,"","",0,0,F,F,T,F,F,F,F,F,F,F
"Community Home Care and Hospice","P.O. Box 4060","Attn: Regulatory","Mooresville","NC","28117-","(919)241-8437","Orange","HOS","960 Corporate Drive, Suite 209","Hillsborough","NC","27278-","Community Home Care of Vance County, LLC","HOS2997",F,"050327",F,F,F,T,F,F,F,12/31/2018,F,F,F,F,F,F,F,F,F,F,"","",0,0,F,F,T,F,F,F,F,F,F,F
"Duke Hospice at the Meadowlands","4321 Medical Park Drive, Suite 101","","Durham","NC","27704-","(919)644-0764","Orange","HOS","1001 Corporate Drive","Hillsborough","NC","27278-","Duke  University Health System, Inc.","HOS1388",F,"960261",F,F,F,T,F,F,F,12/31/2018,F,F,F,F,F,F,F,F,F,F,"","341507",6,0,T,F,F,F,F,F,F,F,F,F
"UNC Hospice, Chapel Hill","PO Box 1077","","Pittsboro","NC","27312-","(984)215-2650","Orange","HOS","1101 Weaver Dairy Road,  Suite 200","Chapel Hill","NC","27514-","University of North Carolina Hospitals","HOS3293",F,"060018",F,F,F,T,F,F,F,12/31/2018,F,F,F,F,F,F,F,F,F,F,"","",0,0,T,F,F,F,F,F,F,F,F,F
"Continuum Home Care & Hospice of Pamlico County","290 Keel Road","","Grantsboro","NC","28529-","(252)745-5005","Pamlico","HOS","290 Keel Road","Grantsboro","NC","28529-","Continuum II Home Care & Hospice, Inc.","HOS3308",F,"060047",F,F,F,T,F,F,F,12/31/2018,F,F,F,F,F,F,F,F,F,F,"","",0,0,F,F,F,F,F,F,F,F,F,F
"Hospice of Pamlico County, Inc.","P.O. Box 6","","Bayboro","NC","28515-","(252)745-5171","Pamlico","HOS","602 Main Street","Bayboro","NC","28515-","Hospice of Pamlico County, Inc.","HOS0394",F,"953879",F,F,F,T,F,F,F,12/31/2018,F,F,F,F,F,F,F,F,F,F,"","",0,0,F,F,T,F,F,F,F,F,F,F
"Albemarle Home Care and Hospice","P.O. Box 609","","Lexington","SC","29071-0609","(252)338-4066","Pasquotank","HOS","208 Hastings Lane","Elizabeth City","NC","27909-","MSA Home Health and Hospice of NC, Inc.","HOS1677",F,"980718",F,F,F,F,F,F,F,12/31/2018,F,F,F,F,F,F,F,F,F,F,"","341559",0,0,F,F,T,F,F,F,F,F,F,F
"Community Home Care and Hospice","P.O. Box 4060","Attn: Regulatory","Mooresville","NC","28117-","(252)335-4594","Pasquotank","HOS","1601 North Road Street   Suite B","Elizabeth City","NC","27909-","Comunity Hospice, LLC","HOS3301",F,"060033",F,F,F,T,F,F,F,12/31/2018,F,F,F,F,F,F,F,F,F,F,"","",0,0,F,F,T,F,F,F,F,F,F,F
"Continuum Home Care & Hospice of Pender County","3886 Henderson Drive","","Jacksonville","NC","28546-","(910)270-9212","Pender","HOS","16747 US Highway 17, Suite 208","Hampstead","NC","28443-","Continuum II Home Care & Hospice, Inc.","HOS3242",F,"051402",F,F,F,T,F,F,F,12/31/2018,F,F,F,F,F,F,F,F,F,F,"","",0,0,F,F,F,F,F,F,F,F,F,F
"Liberty Home Care and Hospice","15235  Hwy. 17","Suite B","Hampstead","NC","28443-","(910)251-8111","Pender","HOS","15235  Hwy. 17; Suite B","Hampstead","NC","28443-","Liberty Home Care, LLC","HOS3059",F,"050537",F,F,F,T,F,F,F,12/31/2018,F,F,F,F,F,F,F,F,F,F,"","",0,0,F,F,T,F,F,F,F,F,F,F
"Lower Cape Fear Hospice and Life Care Center","1414 Physicians Drive","","Wilmington","NC","28401-","(910)300-9032","Pender","HOS","209-A US Hwy 117, ByPass","Burgaw","NC","28425-","Lower Cape Fear Hospice, Inc.","HOS3052",F,"050525",F,F,F,T,F,F,F,12/31/2018,F,F,F,F,F,F,F,F,F,F,"","",0,0,F,F,T,F,F,F,F,F,F,F
"AseraCare Hospice","112 West Fire Tower Road","","Winterville","NC","28590-","(252)756-3803","Pitt","HOS","112 West Fire Tower Road","Winterville","NC","28590-","Hospice of Eastern Carolina, Inc.","HOS0331",F,"923890",F,F,F,T,F,F,F,12/31/2018,F,F,F,F,F,F,F,F,F,F,"","341512",0,0,T,F,F,F,F,F,F,F,T,F
"Community Home Care and Hospice","P.O.  Box 4060","Attn: Regulatory","Mooresville","NC","28117-","(252)321-1528","Pitt","HOS","150 E. Arlington Blvd, Suite F","Greenville","NC","27834-","Community Home Care & Hospice, LLC","HOS2996",F,"050326",F,F,F,T,F,F,F,12/31/2018,F,F,F,F,F,F,F,F,F,F,"","",0,0,F,F,T,F,F,F,F,F,F,F
"Community Home Care and Hospice","P.O. Box 4060","Attn: Regulatory","Mooresville","NC","28117-","(252)258-7252","Pitt","HOS","1528 Evans Street; Suite C-4","Greenville","NC","27834-","Community HomeCare of Robeson County, LLC","HOS4010",F,"100076",F,F,F,T,F,F,F,12/31/2018,F,F,F,F,F,F,F,F,F,F,"","",0,0,F,F,F,F,F,F,F,F,F,F
"Continuum Home Care & Hospice of Pitt County","128 Snow Hill Road","","Ayden","NC","28513-","(252)746-8223","Pitt","HOS","128 Snow Hill Road","Ayden","NC","28513-","Continuum II Home Care & Hospice, Inc.","HOS3249",F,"051434",F,F,F,T,F,F,F,12/31/2018,F,F,F,F,F,F,F,F,F,F,"","",0,0,F,F,F,F,F,F,F,F,F,F
"PruittHealth Hospice - Farmville","P.O Box 201","","Farmville","NC","27828-","(252)753-7741","Pitt","HOS","3409 RL Davis Lane","Farmville","NC","27828-","PruittHealth Hospice, Inc.","HOS3345",F,"060192",F,F,F,T,F,F,F,12/31/2018,F,F,F,F,F,F,F,F,F,F,"","",0,0,F,F,F,F,F,F,F,F,F,F
"Vidant  Home Health and Hospice","P. O. Box  8125","","Greenville","NC","27835-8125","(252)847-2000","Pitt","HOS","1005 WH Smith Blvd.","Greenville","NC","27834-","HealthAccess, Inc.","HOS1711",F,"980917",F,F,F,T,F,F,F,12/31/2018,F,F,F,F,F,F,F,F,F,F,"","",0,0,T,F,F,F,F,F,F,F,F,F
"Vidant Home Health and Hospice","P.O. Box 8125","","Greenville","NC","27835-","(252)847-2000","Pitt","HOS","920 Wellness Drive","Greenville","NC","27834-","HealthAccess, Inc.","HOS3749",F,"080719",F,F,F,T,F,F,F,12/31/2018,F,F,F,F,F,F,F,F,F,F,"","",8,0,F,F,F,F,F,F,F,F,F,F
"Hospice of the Carolina Foothills","P O Box 336","","Forest City","NC","28043-0336","(828)894-7000","Polk","HOS","155 West Mills Street; Suite 108","Columbus","NC","28722-","Hospice of Rutherford County, Inc.","HOS0396",F,"953880",F,F,F,T,F,F,F,12/31/2018,F,F,F,F,F,F,F,F,F,F,"","341557",0,0,F,F,F,F,F,F,F,F,F,F
"Community Home Care and Hospice","P.O. Box 4060","Attn: Regulatory","Mooresville","NC","28117-","(336)318-7832","Randolph","HOS","533 S. Fayetteville Street","Asheboro","NC","27203-5701","Carrolton Home Care, LLC","HOS3075",F,"050625",F,F,F,T,F,F,F,12/31/2018,F,F,F,F,F,F,F,F,F,F,"","",0,0,F,F,T,F,F,F,F,F,F,F
"Hospice of Randolph County","P.O. Box 9","","Asheboro","NC","27204-0009","(336)672-9300","Randolph","HOS","416 Vision Drive","Asheboro","NC","27203-","Hospice of Randolph County, Inc.","HOS4736",F,"150123",F,F,F,T,F,F,F,12/31/2018,F,F,F,F,F,F,F,F,F,F,"","341527",0,0,F,F,T,F,F,F,F,F,F,F
"The Randolph Hospice House","P.O. Box 9","","Asheboro","NC","27204-","(336)672-9300","Randolph","HOS","446 Vision Drive","Asheboro","NC","27203-","Hospice of Randolph County, Inc.","HOS4307",F,"110078",F,F,F,T,F,F,F,12/31/2018,F,F,F,F,F,F,F,F,F,F,"","",12,4,F,F,T,F,F,F,F,F,F,F
"Community Home Care and Hospice","P.O. Box 4060","Attn: Regulatory","Mooresville","NC","28117-","(910)895-2871","Richmond","HOS","1791 E. Broad Avenue","Rockingham","NC","28379-","Carrolton Home Care, LLC","HOS3007",F,"050347",F,F,F,T,F,F,F,12/31/2018,F,F,F,F,F,F,F,F,F,F,"","",0,0,F,F,T,F,F,F,F,F,F,F
"Continuum Home Care & Hospice of Richmond County","P. O. Box 1489","","Hamlet","NC","28345-","(910)582-0021","Richmond","HOS","PO Box 1489 Highway","Hamlet","NC","28345-","Continuum II Home Care & Hospice, Inc.","HOS3324",F,"060114",F,F,F,T,F,F,F,12/31/2018,F,F,F,F,F,F,F,F,F,F,"","",0,0,F,F,F,F,F,F,F,F,F,F
"Hospice Haven of Richmond County","1119 N  US Highway 1","","Rockingham","NC","28379-","(910)997-4464","Richmond","HOS","1119 North U.S. Highway 1","Rockingham","NC","28379-","Richmond County Hospice, Inc.","HOS2138",F,"990315",F,F,F,F,F,F,F,12/31/2018,F,F,F,F,F,F,F,F,F,F,"","",6,0,F,F,F,F,F,F,F,F,T,F
"Community Home Care & Hospice","P.O. Box 4060","Attn: Regulatory","Mooresville","NC","28117-","(910)618-9866","Robeson","HOS","2402 North Roberts Avenue","Lumberton","NC","28358-","Carrolton Home Care, LLC","HOS2060",F,"010820",F,F,F,T,F,F,F,12/31/2018,F,F,F,F,F,F,F,F,F,F,"","",0,0,F,F,T,F,F,F,F,F,F,F
"Continuum Home Care & Hospice of Robeson County","1170 Linkhaw Road","","Lumberton","NC","28358-","(910)671-1163","Robeson","HOS","1170 Linkhaw Road","Lumberton","NC","28358-","Continuum II Home Care & Hospice, Inc.","HOS3270",F,"051481",F,F,F,T,F,F,F,12/31/2018,F,F,F,F,F,F,F,F,F,F,"","",0,0,F,F,F,F,F,F,F,F,F,F
"Liberty Home Care and Hospice","705 A Wesley Pine Road","","Lumberton","NC","28358-","(910)738-4512","Robeson","HOS","705 A Wesley Pine Road","Lumberton","NC","28358-","Liberty Home Care, LLC","HOS3066",F,"050583",F,F,F,T,F,F,F,12/31/2018,F,F,F,F,F,F,F,F,F,F,"","",0,0,F,F,T,F,F,F,F,F,F,F
"Medi Home Hospice","P. O. Box 609","","Lexington","SC","29071-0609","(910)272-6435","Robeson","HOS","4242 Fayetteville Road","Lumberton","NC","28358-2605","MSA Home Health and Hospice of NC, Inc.","HOS2861",F,"041396",F,F,F,T,F,F,F,12/31/2018,F,F,F,F,F,F,F,F,F,F,"","",0,0,F,F,T,F,F,F,F,F,F,F
"Southeastern Hospice","2002 N. Cedar Street","","Lumberton","NC","28358-","(910)671-5655","Robeson","HOS","1100 Pine Run Drive","Lumberton","NC","28358-","Health Horizons, Inc.","HOS1599",F,"980087",F,F,F,T,F,F,F,12/31/2018,F,F,F,F,F,F,F,F,F,F,"","341543",0,0,T,F,T,F,F,F,F,F,F,T
"Hospice of Rockingham County, Inc.","P O Box 281","","Wentworth","NC","27375","(336)427-9022","Rockingham","HOS","2150 NC 65","Reidsville","NC","27320-","Hospice of Rockingham County, Inc.","HOS0398",F,"923882",F,F,F,T,F,F,F,12/31/2018,F,F,F,F,F,F,F,F,F,F,"","341529",5,3,F,F,T,F,F,F,F,F,F,F
"Continuum Home Care & Hospice of Rowan County","1808 North Cannon Blvd.","","Kannapolis","NC","28083-","(704)932-5517","Rowan","HOS","1808 North Cannon Blvd","Kannapolis","NC","28083-","Continuum II Home Care & Hospice, Inc.","HOS3323",F,"060115",F,F,F,T,F,F,F,12/31/2018,F,F,F,F,F,F,F,F,F,F,"","",0,0,F,F,F,F,F,F,F,F,F,F
"Glenn  A. Kiser Hospice House","1229 Statesville Blvd.","","Salisbury","NC","28144-","(704)603-3900","Rowan","HOS","1229 Statesville Blvd.","Salisbury","NC","28144-","Rowan Regional Medical Center, Inc.","HOS4599",F,"070399",F,F,F,T,F,F,F,12/31/2018,F,F,F,F,F,F,F,F,F,F,"","",7,7,F,F,F,F,F,F,F,F,F,F
"Rowan Hospice & Palliative Care, LLC","101 Hospice Lane","","Winston-Salem","NC","27103-","(704)637-7645","Rowan","HOS","720 Grove Street","Salisbury","NC","28144-","Rowan Hospice & Palliative Care, LLC","HOS3918",F,"090801",F,F,F,T,F,F,F,12/31/2018,F,F,F,F,F,F,F,F,F,F,"","",0,0,F,F,F,F,F,F,F,F,F,F
"Rowan Hospice & Palliative Care, LLC","101 Hospice Lane","","Winston-Salem","NC","27103-","(704)637-7645","Rowan","HOS","720 Grove Street","Salisbury","NC","28144-","Rowan  Hospice & Palliative Care, LLC","HOS2425",F,"031047",F,F,F,T,F,F,F,12/31/2018,F,F,F,F,F,F,F,F,F,F,"","",0,0,F,F,F,F,F,F,F,F,F,F
"Hospice of the Carolina Foothills","P O Box 336","","Forest City","NC","28043","(828)245-0095","Rutherford","HOS","374 Hudlow Road","Forest City","NC","28043-","Hospice of Rutherford County, Inc.","HOS0400",F,"933884",F,F,F,T,F,F,F,12/31/2018,F,F,F,F,F,F,F,F,F,F,"","341528",0,0,F,F,T,F,F,F,F,F,F,F
"Hospice of the Carolina Foothills","P.O. Box 336","","Forest City","NC","28043-","(828)245-0095","Rutherford","HOS","372 Hudlow Road","Forest City","NC","28043-","Hospice of Rutherford County, Inc.","HOS2891",F,"041526",F,F,F,T,F,F,F,12/31/2018,F,F,F,F,F,F,F,F,F,F,"","",10,8,F,F,T,F,F,F,F,F,F,F
"Liberty Home Care and Hospice","208 Beaman Street","","Clinton","NC","28328-2906","(910)592-8367","Sampson","HOS","208 Beaman Street","Clinton","NC","28328-2906","Liberty Home Care, LLC","HOS3054",F,"050527",F,F,F,F,F,F,F,12/31/2018,F,F,F,F,F,F,F,F,F,F,"","341569",0,0,F,F,T,F,F,F,F,F,F,F
"Scotland Regional Hospice","P.O. Box 1033","","Laurinburg","NC","28353-","(910)276-7176","Scotland","HOS","610 & 610B Lauchwood Drive","Laurinburg","NC","28352-","Hospice of Scotland County","HOS3031",F,"050431",F,F,F,T,F,F,F,12/31/2018,F,F,F,F,F,F,F,F,F,F,"","",6,6,F,F,T,F,F,F,F,F,F,F
"Continuum Home Care & Hospice of Stanly County","33426 Old Salisbury Road","PO Box 1250","Albemarle","NC","28002-","(704)983-1195","Stanly","HOS","33426 Old Salisbury Road; PO Box 1250","Albemarle","NC","28002-","Continuum II Home Care & Hospice, Inc.","HOS3311",F,"060079",F,F,F,T,F,F,F,12/31/2018,F,F,F,F,F,F,F,F,F,F,"","",0,0,F,F,F,F,F,F,F,F,F,F
"Hospice of Stanly County, Inc.","960 North First Street","","Albemarle","NC","28001-3350","(704)983-4216","Stanly","HOS","960 North First Street","Albemarle","NC","28001-3350","Hospice of Stanly County, Inc.","HOS0402",F,"943886",F,F,F,T,F,F,F,12/31/2018,F,F,F,F,F,F,F,F,F,F,"","341542",0,0,F,F,T,F,F,F,F,F,F,F
"Hospice & Palliative CareCenter","101 Hospice Lane","","Winston-Salem","NC","27103-","(336)768-3972","Stokes","HOS","810 South Main Street, Suite 105","Walnut Cove","NC","27052-","Hospice & Palliative CareCenter","HOS3295",F,"060020",F,F,F,T,F,F,F,12/31/2018,F,F,F,F,F,F,F,F,F,F,"","",0,0,F,F,T,F,F,F,F,F,F,F
"Mountain Valley Hospice and Palliative Care","401 Technology Lane, Suite 200","","Mount Airy","NC","27030-6692","(336)356-5000","Surry","HOS","945 Zephyr Road","Dobson","NC","27017-","Hospice of Surry County, Inc.","HOS3796",F,"090256",F,F,F,T,F,F,F,12/31/2018,F,F,F,F,F,F,F,F,F,F,"","",16,4,F,F,T,F,F,F,F,F,F,F
"Mountain Valley Hospice and Palliative Care","401 Technology Lane","Suite 200","Mt. Airy","NC","27030-6692","(336)526-2650","Surry","HOS","688 North Bridge Street","Elkin","NC","28621-3005","Hospice of Surry County, Inc.","HOS1001",F,"943889",F,F,F,T,F,F,F,12/31/2018,F,F,F,F,F,F,F,F,F,F,"","341546",0,0,F,F,T,F,F,F,F,F,F,F
"Mountain Valley Hospice and Palliative Care","401 Technology Lane, Suite 200","","Mount Airy","NC","27030-6692","(336)789-2922","Surry","HOS","401 Technology Lane, Suite 200","Mount Airy","NC","27030-6692","Hospice of Surry County, Inc.","HOS0404",F,"953888",F,F,F,T,F,F,F,12/31/2018,F,F,F,F,F,F,F,F,F,F,"","341546",0,0,F,F,T,F,F,F,F,F,F,F
"Mountain Valley Hospice and Palliative Care","401 Technology Drive","","Mount Airy","NC","27036-","(336)368-1260","Surry","HOS","129 Veterans Drive","Pilot Mountain","NC","27041-","Hospice of Surry County, Inc.","HOS1303",F,"955725",F,F,F,T,F,F,F,12/31/2018,F,F,F,F,F,F,F,F,F,F,"","",0,0,F,F,T,F,F,F,F,F,F,F
"Community Home Care and Hospice","P.O. Box 4060","Attn: Regulatory","Mooresville","NC","28117-","(704)226-0605","Union","HOS","156 Corporate Blvd.","Indian Trail","NC","28079-","Carrolton Home Care, LLC","HOS3116",F,"050815",F,F,F,T,F,F,F,12/31/2018,F,F,F,F,F,F,F,F,F,F,"","",0,0,F,F,T,F,F,F,F,F,F,F
"Continuum Home Care & Hospice of Union County","3315 Faith Church Road","PO Box 2518","Indian Trail","NC","28079-","(704)882-3420","Union","HOS","3315 Faith Church Road; PO Box 2518","Indian Trail","NC","28079-","2Continuum II Home Care & Hospice, Inc.","HOS3321",F,"060131",F,F,F,T,F,F,F,12/31/2018,F,F,F,F,F,F,F,F,F,F,"","",0,0,F,F,F,F,F,F,F,F,F,F
"Hospice of Union County","700 West Roosevelt Blvd.","","Monroe","NC","28110-","(980)993-7300","Union","HOS","700 West Roosevelt Blvd.","Monroe","NC","28110-","Carolinas Palliative Care and Hospice Network, Inc.","HOS0405",F,"953891",F,F,F,T,F,F,F,12/31/2018,F,F,F,F,F,F,F,F,F,F,"","341513",6,20,T,F,T,F,F,F,F,F,F,T
"Community Home Care and Hospice","P.O. Box 4060","Attn: Regulatory","Mooresville","NC","28117-","(252)430-7760","Vance","HOS","152 Zeb Robinson Road","Henderson","NC","27536-","Community Home Care of Vance County, LLC","HOS2561",F,"040621",F,F,F,T,F,F,F,12/31/2018,F,F,F,F,F,F,F,F,F,F,"","341589",0,0,F,F,T,F,F,F,F,F,F,F
"Continuum Home Care & Hospice of Vance County","P.O. Box 1148","","Henderson","NC","27536-","(252)492-7021","Vance","HOS","1245 Park Avenue","Henderson","NC","27536-","Continuum II Home Care & Hospice, Inc.","HOS3314",F,"060086",F,F,F,T,F,F,F,12/31/2018,F,F,F,F,F,F,F,F,F,F,"","",0,0,F,F,F,F,F,F,F,F,F,F
"Amedisys Hospice","220 New Fidelity Court","","Garner","NC","27529-2896","(919)773-4865","Wake","HOS","220 New Fidelity Court","Garner","NC","27529-2896","Tender Loving Care Health Care Services Southeast, LLC","HOS3147",F,"050945",F,F,F,T,F,F,F,12/31/2018,F,F,F,F,F,F,F,F,F,F,"","",0,0,F,F,T,F,F,F,F,F,F,F
"Community Home Care & Hospice","P.O. Box 4060","Attn: Regulatory","Mooresville","NC","28117-","(919)233-1100","Wake","HOS","7714 Chapel Hill Road","Raleigh","NC","27607-","Community  Home Care of  Vance County, LLC","HOS2223",F,"020986",F,F,F,T,F,F,F,12/31/2018,F,F,F,F,F,F,F,F,F,F,"","",0,0,F,F,T,F,F,F,F,F,F,F
"Continuum Home Care & Hospice of Wake County","3609 Bond Street","","Raleigh","NC","27604-","(252)975-1636","Wake","HOS","3609 Bond Street","Raleigh","NC","27604-","Continuum II Home Care & Hospice, Inc.","HOS3305",F,"060040",F,F,F,T,F,F,F,12/31/2018,F,F,F,F,F,F,F,F,F,F,"","",0,0,F,F,F,F,F,F,F,F,F,F
"Duke Hospice","4321 Medical Park Drive","Suite 101","Durham","NC","27704-2175","(919)862-5872","Wake","HOS","3325 Executive Drive","Raleigh","NC","27609-","Duke Health University Health System, Inc","HOS2125",F,"020031",F,F,F,T,F,F,F,12/31/2018,F,F,F,F,F,F,F,F,F,F,"","",0,0,T,F,F,F,F,F,F,F,F,F
"Heartland Home Health Care and Hospice","4505 Falls of Neuse Road","Suite 650","Raleigh","NC","27609-2523","(919)877-9959","Wake","HOS","4505 Falls of Neuse Road; Suite 650","Raleigh","NC","27609-2523","In Home Health, LLC","HOS2281",F,"030071",F,F,F,T,F,F,F,12/31/2018,F,F,F,F,F,F,F,F,F,F,"","341587",0,0,F,F,T,F,F,F,F,F,T,F
"Liberty Home Care and Hospice","3200 Spring Forest Road","Suite 201","Raleigh","NC","27616-","(919)277-2244","Wake","HOS","3200 Spring Forest Road; Suite 201","Raleigh","NC","27616-","Liberty Home Care, LLC","HOS3058",F,"050538",F,F,F,T,F,F,F,12/31/2018,F,F,F,F,F,F,F,F,F,F,"","",0,0,F,F,T,F,F,F,F,F,F,F
"Transitions LifeCare","250 Hospice Circle","","Raleigh","NC","27607-","(919)828-0890","Wake","HOS","200 Hospice Circle","Raleigh","NC","27607-","Hospice of Wake County, Inc.","HOS1595",F,"980041",F,F,F,T,F,F,F,12/31/2018,F,F,F,F,F,F,F,F,F,F,"","341523",24,6,F,F,T,F,F,F,F,F,F,F
"Amedisys Hospice Care","201 E Water Street","","Plymouth","NC","27962-1301","(252)791-0490","Washington","HOS","201 E Water Street","Plymouth","NC","27962-1301","Amedisys Hospice, LLC","HOS4596",F,"130100",F,F,F,T,F,F,F,12/31/2018,F,F,F,F,F,F,F,F,F,F,"","341598",0,0,F,F,T,F,F,F,F,F,F,F
"Continuum Home Care & Hospice of Washington County","1084 US 64 East","","Plymouth","NC","27962-","(252)793-2100","Washington","HOS","1084 US 64 East","Plymouth","NC","27962-","Continuum II Home Care & Hospice, Inc.","HOS3260",F,"051455",F,F,F,T,F,F,F,12/31/2018,F,F,F,F,F,F,F,F,F,F,"","",0,0,F,F,F,F,F,F,F,F,F,F
"Medi Home Health and Hospice","P.O. Box 609","","Lexington","SC","29701-0609","(828)265-3926","Watauga","HOS","400 Shadowline Drive, Suite 102","Boone","NC","28607-","Medical Services of America, Inc.","HOS1122",F,"944315",F,F,F,T,F,F,F,12/31/2018,F,F,F,F,F,F,F,F,F,F,"","341539",0,0,F,F,T,F,F,F,F,F,F,F
"3HC/Kitty Askins Hospice Center","2402 Wayne Memorial Drive","","Goldsboro","NC","27534-","(919)735-5887","Wayne","HOS","107 Handley Park Court","Goldsboro","NC","27534-","Home Health and Hospice Care, Inc.","HOS1324",F,"956151",F,F,F,T,F,F,F,12/31/2018,F,F,F,F,F,F,F,F,F,F,"","341551",12,12,F,F,F,F,F,F,F,F,T,F
"Continuum Home Care & Hospice of Wayne County","2401 Wayne Memorial Drive","","Goldsboro","NC","27534-","(919)736-2121","Wayne","HOS","2401 Wayne Memorial Drive","Goldsboro","NC","27534-","Continuum II Home Care & Hospice, Inc.","HOS3307",F,"060046",F,F,F,T,F,F,F,12/31/2018,F,F,F,F,F,F,F,F,F,F,"","",0,0,F,F,F,F,F,F,F,F,F,F
"Continuum Home Care & Hospice of Wilkes County","1435 Hwy 258","","Kinston","NC","28501-","(336)667-9261","Wilkes","HOS","1016 Fletcher Street","Wilkesboro","NC","28697-","Continuum II Home Care & Hospice, Inc.","HOS3257",F,"051442",F,F,F,T,F,F,F,12/31/2018,F,F,F,F,F,F,F,F,F,F,"","",0,0,F,F,F,F,F,F,F,F,F,F
"PruittHealth Hospice - Wilkes","924 Main Street","Suite 100","North Wilkesboro","NC","28659-","(336)667-0548","Wilkes","HOS","924 Main Street; Suite 100","North Wilkesboro","NC","28659-","PruittHealth Hospice, Inc.","HOS4413",F,"110496",F,F,F,T,F,F,F,12/31/2018,F,F,F,F,F,F,F,F,F,F,"","",0,0,F,F,F,F,F,F,F,F,F,F
"Wake Forest Baptist Health,Care at Home, Hospice-Wilkes","12900 Foster,  Suite 400","Attn: Licensing & Certification Dep","Overland Park","KS","66213-2696","(336)818-3177","Wilkes","HOS","126 Executive Drive, Suite 110","Wilkesboro","NC","28697-7571","Wake Forest Baptist Health Care at Home, LLC","HOS0407",F,"953893",F,F,F,T,F,F,F,12/31/2018,F,F,F,F,F,F,F,F,F,F,"","341506",0,0,T,F,F,F,F,F,F,F,F,F
"Community Home Care and Hospice","P.O. Box 4060","Attn: Regulatory","Mooresville","NC","28117-","(252)291-5883","Wilson","HOS","2841 Daisy Lane, Suite E","Wilson","NC","27896-6948","Community Home Care & Hospice, LLC","HOS2241",F,"021189",F,F,F,T,F,F,F,12/31/2018,F,F,F,F,F,F,F,F,F,F,"","341585",0,0,F,F,T,F,F,F,F,F,F,F
"Continuum Home Care & Hospice of Wilson County","403 Crestview Ave.","","Wilson","NC","27893-","(252)237-0724","Wilson","HOS","403 Crestview Ave.","Wilson","NC","27893-","Continuum II Home Care & Hospice, Inc.","HOS3271",F,"051480",F,F,F,T,F,F,F,12/31/2018,F,F,F,F,F,F,F,F,F,F,"","",0,0,F,F,F,F,F,F,F,F,F,F
"Hospice of Wilson Medical Center","P. O. Box 51266","","Lafayette","LA","70505-1266","(252)399-8924","Wilson","HOS","1705 South Tarboro Street, SW","Wilson","NC","27893-","North Carolina In-Home Partner-VII, LLC","HOS0408",F,"953895",F,F,F,T,F,F,F,12/31/2018,F,F,F,F,F,F,F,F,F,F,"","341532",0,0,T,F,F,F,F,F,F,F,F,F
"Mountain Valley Hospice and Palliative Care","401 Technology Lane","Suite 200","Mount Airy","NC","27030-","(330)789-2922","Yadkin","HOS","243 N. Lee Avenue","Yadkinville","NC","27055-","Hospice of Surry County, Inc.","HOS4909",F,"170371",F,F,F,T,F,F,F,12/31/2018,F,F,F,F,F,F,F,F,F,F,"","",4,2,F,F,T,F,F,F,F,F,F,F
"Yancey Hospice and Palliative Care","856 Georges Fork  Road","","Burnsville","NC","28714","(828)682-9675","Yancey","HOS","856 Georges Fork  Road","Burnsville","NC","28714","Hospice of Yancey County, Inc.","HOS1027",F,"953898",F,F,F,T,F,F,F,12/31/2018,F,F,F,F,F,F,F,F,F,F,"","341564",0,0,F,F,F,F,F,F,F,F,F,F
