X,Y,OBJECTID,ID,NAME,ADDRESS,ADDRESS2,CITY,STATE,ZIP,ZIP4,TELEPHONE,TYPE,STATUS,POPULATION,COUNTY,COUNTYFIPS,COUNTRY,LATITUDE,LONGITUDE,NAICS_CODE,NAICS_DESC,SOURCE,SOURCEDATE,VAL_METHOD,VAL_DATE,WEBSITE,STATE_ID,ALT_NAME,ST_FIPS,OWNER,TTL_STAFF,BEDS,TRAUMA,HELIPAD,DATECREATE
-81.139263827999969,35.272661502000062,4102,0007128053,CAROMONT REGIONAL MEDICAL CENTER,2525 COURT DRIVE,NOT AVAILABLE,GASTONIA,NC,28053,NOT AVAILABLE,(704) 834-2121,GENERAL ACUTE CARE,OPEN,435,GASTON,37071,USA,35.2726615020001,-81.139263828,622110,GENERAL MEDICAL AND SURGICAL HOSPITALS,https://www2.ncdhhs.gov/dhsr/data/hllist.pdf,2016-01-25T00:00:00.000Z,IMAGERY WITH OTHER,2014-02-10T00:00:00.000Z,http://www.caromont.org,NOT AVAILABLE,GASTON MEMORIAL HOSPITAL,37,NON-PROFIT,-999,435,LEVEL I,Y,2013-03-22T00:00:00.000Z
-80.824164440999937,35.211838192000073,4103,0002128233,NOVANT HEALTH PRESBYTERIAN MEDICAL CENTER,200 HAWTHORNE LANE,NOT AVAILABLE,CHARLOTTE,NC,28233,NOT AVAILABLE,(704) 384-4000,GENERAL ACUTE CARE,OPEN,661,MECKLENBURG,37119,USA,35.2118381920001,-80.8241644409999,622110,GENERAL MEDICAL AND SURGICAL HOSPITALS,https://www2.ncdhhs.gov/dhsr/data/hllist.pdf,2016-01-25T00:00:00.000Z,IMAGERY WITH OTHER,2014-02-10T00:00:00.000Z,https://www.novanthealth.org/presbyterian-medical-center.aspx,NOT AVAILABLE,PRESBYTERIAN MEDICAL CENTER,37,NON-PROFIT,-999,661,NOT AVAILABLE,Y,2013-03-22T00:00:00.000Z
-80.860260894999968,35.40644418200003,4104,0002228078,NOVANT HEALTH HUNTERSVILLE MEDICAL CENTER,10030 GILEAD ROAD,NOT AVAILABLE,HUNTERSVILLE,NC,28078,NOT AVAILABLE,(704) 316-4010,GENERAL ACUTE CARE,OPEN,91,MECKLENBURG,37119,USA,35.406444182,-80.860260895,622110,GENERAL MEDICAL AND SURGICAL HOSPITALS,https://www2.ncdhhs.gov/dhsr/data/hllist.pdf,2016-01-25T00:00:00.000Z,IMAGERY WITH OTHER,2014-02-10T00:00:00.000Z,https://www.novanthealth.org/huntersville-medical-center.aspx,NOT AVAILABLE,HUNTERSVILLE MEDICAL CENTER,37,NON-PROFIT,-999,91,NOT AVAILABLE,Y,2013-03-22T00:00:00.000Z
-80.714078412999982,35.119984808000019,4105,0002328106,NOVANT HEALTH MATTHEWS MEDICAL CENTER,1500 MATTHEWS TOWNSHIP PARKWAY,NOT AVAILABLE,MATTHEWS,NC,28106,NOT AVAILABLE,(704) 384-6370,GENERAL ACUTE CARE,OPEN,146,MECKLENBURG,37119,USA,35.119984808,-80.714078413,622110,GENERAL MEDICAL AND SURGICAL HOSPITALS,https://www2.ncdhhs.gov/dhsr/data/hllist.pdf,2016-01-25T00:00:00.000Z,IMAGERY WITH OTHER,2014-02-10T00:00:00.000Z,https://www.novanthealth.org/matthews-medical-center.aspx,NOT AVAILABLE,MATTHEWS MEDICAL CENTER,37,NON-PROFIT,-999,146,NOT AVAILABLE,Y,2013-03-22T00:00:00.000Z
-80.823521515999971,35.210797601000024,4106,0009228207,NOVANT HOSPITAL CHARLOTTE ORTHOPEDIC HOSPITAL,1901 RANDOLPH RD,NOT AVAILABLE,CHARLOTTE,NC,28207,NOT AVAILABLE,(704) 316-2000,GENERAL ACUTE CARE,OPEN,80,MECKLENBURG,37119,USA,35.210797601,-80.823521516,622110,GENERAL MEDICAL AND SURGICAL HOSPITALS,https://www2.ncdhhs.gov/dhsr/data/hllist.pdf,2016-01-25T00:00:00.000Z,IMAGERY WITH OTHER,2014-02-10T00:00:00.000Z,https://www.novanthealth.org/charlotte-orthopedic-hospital.aspx,NOT AVAILABLE,CHARLOTTE ORTHOPEDIC HOSPITAL,37,NON-PROFIT,-999,80,NOT AVAILABLE,NOT AVAILABLE,2013-03-22T00:00:00.000Z
-80.470707937999975,35.681269842000056,4107,0009728144,NOVANT HEALTH ROWAN MEDICAL CENTER,612 MOCKSVILLE AVE,NOT AVAILABLE,SALISBURY,NC,28144,NOT AVAILABLE,(704) 210-5000,GENERAL ACUTE CARE,OPEN,268,ROWAN,37159,USA,35.6812698420001,-80.470707938,622110,GENERAL MEDICAL AND SURGICAL HOSPITALS,https://www2.ncdhhs.gov/dhsr/data/hllist.pdf,2016-01-25T00:00:00.000Z,IMAGERY WITH OTHER,2014-02-10T00:00:00.000Z,https://www.novanthealth.org/rowan-medical-center.aspx,NOT AVAILABLE,ROWAN REGIONAL MEDICAL CENTER,37,NON-PROFIT,-999,268,NOT AVAILABLE,NOT AVAILABLE,2013-03-22T00:00:00.000Z
-76.928249488999938,35.988647545000049,4108,0003227983,VIDANT BERTIE HOSPITAL,1403 SOUTH KING STREET,NOT AVAILABLE,WINDSOR,NC,27983,NOT AVAILABLE,(252) 794-6600,GENERAL ACUTE CARE,OPEN,6,BERTIE,37015,USA,35.988647545,-76.9282494889999,622110,GENERAL MEDICAL AND SURGICAL HOSPITALS,https://www2.ncdhhs.gov/dhsr/data/hllist.pdf,2016-01-25T00:00:00.000Z,IMAGERY WITH OTHER,2014-02-10T00:00:00.000Z,https://www.vidanthealth.com/bertie/dynamic-detail.aspx?id=381,NOT AVAILABLE,BERTIE MEMORIAL HOSPITAL,37,NON-PROFIT,-999,6,NOT AVAILABLE,Y,2013-03-22T00:00:00.000Z
-78.60800448699996,34.622433926000035,4109,0003428337,CAPE FEAR VALLEY - BLADEN COUNTY HOSPITAL,501 SOUTH POPLAR STREET,NOT AVAILABLE,ELIZABETHTOWN,NC,28337,NOT AVAILABLE,(910) 862-5179,GENERAL ACUTE CARE,OPEN,58,BLADEN,37017,USA,34.622433926,-78.608004487,622110,GENERAL MEDICAL AND SURGICAL HOSPITALS,https://www2.ncdhhs.gov/dhsr/data/hllist.pdf,2016-01-25T00:00:00.000Z,IMAGERY WITH OTHER,2014-02-10T00:00:00.000Z,http://www.capefearvalley.com/bladen/home.html,NOT AVAILABLE,BLADEN COUNTY HOSPITAL,37,NON-PROFIT,-999,58,NOT AVAILABLE,Y,2013-03-22T00:00:00.000Z
-77.037838048999959,35.549221908000028,4110,0003127889,VIDANT BEAUFORT HOSPITAL,628 EAST TWELFTH ST,NOT AVAILABLE,WASHINGTON,NC,27889,NOT AVAILABLE,(252) 975-4100,GENERAL ACUTE CARE,OPEN,142,BEAUFORT,37013,USA,35.5492219080001,-77.037838049,622110,GENERAL MEDICAL AND SURGICAL HOSPITALS,https://www2.ncdhhs.gov/dhsr/data/hllist.pdf,2016-01-25T00:00:00.000Z,IMAGERY WITH OTHER,2013-10-01T00:00:00.000Z,https://www.vidanthealth.com/beaufort/,NOT AVAILABLE,BEAUFORT COUNTY HOSPITAL,37,NON-PROFIT,-999,142,NOT AVAILABLE,NOT AVAILABLE,2013-03-22T00:00:00.000Z
-81.523419917999945,35.748123859000017,4111,0011228690,"VALDESE GENERAL HOSPITAL, INC.",720 MALCOLM BOULEVARD,NOT AVAILABLE,VALDESE,NC,28690,NOT AVAILABLE,(828) 874-2251,GENERAL ACUTE CARE,CLOSED,131,BURKE,37023,USA,35.748123859,-81.5234199179999,622110,GENERAL MEDICAL AND SURGICAL HOSPITALS,https://www2.ncdhhs.gov/dhsr/data/hllist.pdf,2012-07-03T00:00:00.000Z,IMAGERY WITH OTHER,2014-02-10T00:00:00.000Z,http://www.blueridgehealth.org,NOT AVAILABLE,CAROLINAS HEALTHCARE SYSTEM BLUE RIDGE VALDESE,37,NON-PROFIT,-999,131,NOT AVAILABLE,Y,2013-03-22T00:00:00.000Z
-80.111479563999978,35.879885118000061,4112,0010927360,NOVANT HEALTH THOMASVILLE MEDICAL CENTER,207 OLD LEXINGTON ROAD,NOT AVAILABLE,THOMASVILLE,NC,27360,NOT AVAILABLE,(336) 472-2000,GENERAL ACUTE CARE,OPEN,149,DAVIDSON,37057,USA,35.8798851180001,-80.111479564,622110,GENERAL MEDICAL AND SURGICAL HOSPITALS,https://www2.ncdhhs.gov/dhsr/data/hllist.pdf,2016-01-25T00:00:00.000Z,IMAGERY WITH OTHER,2014-02-10T00:00:00.000Z,https://www.novanthealth.org/thomasville-medical-center.aspx,NOT AVAILABLE,THOMASVILLE MEDICAL CENTER,37,NON-PROFIT,-999,149,NOT AVAILABLE,NOT AVAILABLE,2013-03-22T00:00:00.000Z
-76.217933328999948,36.323596314000035,4113,0002427906,SENTARA ALBEMARLE MEDICAL CENTER,1144 NORTH ROAD STREET,NOT AVAILABLE,ELIZABETH CITY,NC,27906,NOT AVAILABLE,(252) 384-4600,GENERAL ACUTE CARE,OPEN,182,PASQUOTANK,37139,USA,36.323596314,-76.2179333289999,622110,GENERAL MEDICAL AND SURGICAL HOSPITALS,https://www2.ncdhhs.gov/dhsr/data/hllist.pdf,2016-01-25T00:00:00.000Z,IMAGERY WITH OTHER,2014-02-10T00:00:00.000Z,http://www.sentara.com/albemarle-north-carolina/default.aspx,NOT AVAILABLE,ALBEMARLE HOSPITAL,37,NON-PROFIT,-999,182,NOT AVAILABLE,Y,2013-03-22T00:00:00.000Z
-76.611203526999986,36.06997928200007,4114,0005427932,VIDANT CHOWAN HOSPITAL,211 VIRGINIA ROAD,NOT AVAILABLE,EDENTON,NC,27932,NOT AVAILABLE,(252) 482-8451,GENERAL ACUTE CARE,OPEN,89,CHOWAN,37041,USA,36.0699792820001,-76.611203527,622110,GENERAL MEDICAL AND SURGICAL HOSPITALS,https://www2.ncdhhs.gov/dhsr/data/hllist.pdf,2016-01-25T00:00:00.000Z,IMAGERY WITH OTHER,2014-02-10T00:00:00.000Z,http://www.vidanthealth.com,NOT AVAILABLE,CHOWAN HOSPITAL,37,NON-PROFIT,-999,89,NOT AVAILABLE,NOT AVAILABLE,2013-03-22T00:00:00.000Z
-81.536394213999984,35.302904243000064,4115,0005528150,CAROLINAS HEALTHCARE SYSTEM CLEVELAND,201 EAST GROVER ST,NOT AVAILABLE,SHELBY,NC,28150,NOT AVAILABLE,(704) 487-3245,GENERAL ACUTE CARE,OPEN,241,CLEVELAND,37045,USA,35.3029042430001,-81.536394214,622110,GENERAL MEDICAL AND SURGICAL HOSPITALS,https://www2.ncdhhs.gov/dhsr/data/hllist.pdf,2016-01-25T00:00:00.000Z,IMAGERY WITH OTHER,2014-02-10T00:00:00.000Z,http://www.carolinashealthcare.org/cleveland,NOT AVAILABLE,CLEVELAND REGIONAL MEDICAL CENTER,37,NON-PROFIT,-999,241,LEVEL III,Y,2013-03-22T00:00:00.000Z
-81.357057954999945,35.241560535000069,4116,0008728086,CAROLINAS HEALTHCARE SYSTEM KINGS MOUNTAIN,706 WEST KING STREET,NOT AVAILABLE,KINGS MOUNTAIN,NC,28086,NOT AVAILABLE,(704) 739-3601,GENERAL ACUTE CARE,OPEN,102,CLEVELAND,37045,USA,35.2415605350001,-81.357057955,622110,GENERAL MEDICAL AND SURGICAL HOSPITALS,https://www2.ncdhhs.gov/dhsr/data/hllist.pdf,2016-01-25T00:00:00.000Z,IMAGERY WITH OTHER,2014-02-10T00:00:00.000Z,http://www.carolinashealthcare.org/kings-mountain,NOT AVAILABLE,KINGS MOUNTAIN HOSPITAL,37,NON-PROFIT,-999,102,NOT AVAILABLE,Y,2013-03-22T00:00:00.000Z
-77.862668823999968,34.212650386000057,4117,0000000127,NEW HANOVER REGIONAL MEDICAL CENTER ORTHOPEDIC HOSPITAL,5301 WRIGHTSVILLE AVE,NOT AVAILABLE,WILMINGTON,NC,28403,NOT AVAILABLE,(910) 452-8100,GENERAL ACUTE CARE,OPEN,-999,NEW HANOVER,37129,USA,34.2126503860001,-77.862668824,622110,GENERAL MEDICAL AND SURGICAL HOSPITALS,https://www2.ncdhhs.gov/dhsr/data/hllist.pdf,2016-01-25T00:00:00.000Z,IMAGERY WITH OTHER,2015-05-23T00:00:00.000Z,https://www.nhrmc.org/locations/nhrmc-orthopedic-hospital,NOT AVAILABLE,CAPE FEAR HOSPITAL,37,NOT AVAILABLE,-999,-999,NOT AVAILABLE,NOT AVAILABLE,2015-05-16T00:00:00.000Z
-77.961913308999954,34.965279679000048,4118,0006328349,VIDANT DUPLIN HOSPITAL,401 NORTH MAIN ST,NOT AVAILABLE,KENANSVILLE,NC,28349,NOT AVAILABLE,(910) 296-0941,GENERAL ACUTE CARE,OPEN,101,DUPLIN,37061,USA,34.965279679,-77.961913309,622110,GENERAL MEDICAL AND SURGICAL HOSPITALS,https://www2.ncdhhs.gov/dhsr/data/hllist.pdf,2016-01-25T00:00:00.000Z,IMAGERY WITH OTHER,2014-02-10T00:00:00.000Z,https://www.vidanthealth.com/duplin/default.aspx,NOT AVAILABLE,NOT AVAILABLE,37,NON-PROFIT,-999,101,NOT AVAILABLE,Y,2013-03-22T00:00:00.000Z
-78.937758111999983,36.007049799000065,4119,0006227710,DUKE UNIVERSITY HOSPITAL,2301 ERWIN ROAD,NOT AVAILABLE,DURHAM,NC,27710,NOT AVAILABLE,(919) 684-8076,GENERAL ACUTE CARE,OPEN,943,DURHAM,37063,USA,36.0070497990001,-78.937758112,622110,GENERAL MEDICAL AND SURGICAL HOSPITALS,https://www2.ncdhhs.gov/dhsr/data/hllist.pdf,2016-01-25T00:00:00.000Z,IMAGERY WITH OTHER,2014-02-10T00:00:00.000Z,http://www.dukehealth.org,NOT AVAILABLE,NOT AVAILABLE,37,NON-PROFIT,-999,943,LEVEL I,Y,2013-03-22T00:00:00.000Z
-78.900254541999956,36.036793594000066,4120,0006427704,DUKE REGIONAL HOSPITAL,3643 NORTH ROXBORO RD,NOT AVAILABLE,DURHAM,NC,27704,NOT AVAILABLE,(919) 470-4000,GENERAL ACUTE CARE,OPEN,369,DURHAM,37063,USA,36.0367935940001,-78.900254542,622110,GENERAL MEDICAL AND SURGICAL HOSPITALS,https://www2.ncdhhs.gov/dhsr/data/hllist.pdf,2016-01-25T00:00:00.000Z,IMAGERY WITH OTHER,2014-02-10T00:00:00.000Z,http://www.dukeregional.org/,NOT AVAILABLE,NOT AVAILABLE,37,NON-PROFIT,-999,369,NOT AVAILABLE,NOT AVAILABLE,2013-03-22T00:00:00.000Z
-77.555915618999961,35.921031406000054,4121,0007727886,VIDANTE EDGECOMBE HOSPITAL,111 HOSPITAL DR,NOT AVAILABLE,TARBORO,NC,27886,NOT AVAILABLE,(252) 641-7700,GENERAL ACUTE CARE,OPEN,117,EDGECOMBE,37065,USA,35.9210314060001,-77.555915619,622110,GENERAL MEDICAL AND SURGICAL HOSPITALS,https://www2.ncdhhs.gov/dhsr/data/hllist.pdf,2016-01-25T00:00:00.000Z,IMAGERY WITH OTHER,2014-02-10T00:00:00.000Z,https://www.vidanthealth.com/edgecombe/,NOT AVAILABLE,NOT AVAILABLE,37,NON-PROFIT,-999,117,NOT AVAILABLE,Y,2013-03-22T00:00:00.000Z
-80.296194462999949,36.078945147000063,4122,0000527103,NOVANT HEALTH MEDICAL PARK HOSPITAL,1950 SOUTH HAWTHORNE RD,NOT AVAILABLE,WINSTON SALEM,NC,27103,NOT AVAILABLE,(336) 718-0600,GENERAL ACUTE CARE,OPEN,22,FORSYTH,37067,USA,36.0789451470001,-80.2961944629999,622110,GENERAL MEDICAL AND SURGICAL HOSPITALS,https://www2.ncdhhs.gov/dhsr/data/hllist.pdf,2016-01-25T00:00:00.000Z,IMAGERY WITH OTHER,2014-02-10T00:00:00.000Z,http://www.novanthealth.org,NOT AVAILABLE,NOT AVAILABLE,37,NON-PROFIT,-999,22,NOT AVAILABLE,NOT AVAILABLE,2013-03-22T00:00:00.000Z
-80.268174832999989,36.089649608000059,4123,0001227157,NORTH CAROLINA BAPTIST HOSPITAL,MEDICAL CENTER BLVD,NOT AVAILABLE,WINSTON SALEM,NC,27157,NOT AVAILABLE,(336) 716-4750,GENERAL ACUTE CARE,OPEN,872,FORSYTH,37067,USA,36.0896496080001,-80.268174833,622110,GENERAL MEDICAL AND SURGICAL HOSPITALS,https://www2.ncdhhs.gov/dhsr/data/hllist.pdf,2016-01-25T00:00:00.000Z,IMAGERY WITH OTHER,2014-02-10T00:00:00.000Z,http://www.wakehealth.edu/,NOT AVAILABLE,NOT AVAILABLE,37,NON-PROFIT,-999,872,LEVEL I,Y,2013-03-22T00:00:00.000Z
-80.297287159999939,36.075550413000023,4124,0006827103,NOVANT HEALTH FORSYTH MEDICAL CENTER,3333 SILAS CREEK PKWY,NOT AVAILABLE,WINSTON SALEM,NC,27103,NOT AVAILABLE,(336) 718-5000,GENERAL ACUTE CARE,OPEN,919,FORSYTH,37067,USA,36.075550413,-80.2972871599999,622110,GENERAL MEDICAL AND SURGICAL HOSPITALS,https://www2.ncdhhs.gov/dhsr/data/hllist.pdf,2016-01-25T00:00:00.000Z,IMAGERY WITH OTHER,2014-02-10T00:00:00.000Z,https://www.novanthealth.org/forsyth-medical-center.aspx,NOT AVAILABLE,NOT AVAILABLE,37,NON-PROFIT,-999,919,NOT AVAILABLE,NOT AVAILABLE,2013-03-22T00:00:00.000Z
-78.293533785999955,36.112306165000057,4125,0006927549,FRANKLIN REGIONAL MEDICAL CENTER,100 HOSPITAL DRIVE,NOT AVAILABLE,LOUISBURG,NC,27549,NOT AVAILABLE,(919) 496-5131,GENERAL ACUTE CARE,CLOSED,83,FRANKLIN,37069,USA,36.1123061650001,-78.293533786,622110,GENERAL MEDICAL AND SURGICAL HOSPITALS,https://www2.ncdhhs.gov/dhsr/data/hllist.pdf,2012-07-03T00:00:00.000Z,IMAGERY WITH OTHER,2014-02-10T00:00:00.000Z,https://www.novanthealth.org/franklin-medical-center.aspx,NOT AVAILABLE,NOT AVAILABLE,37,NON-PROFIT,-999,83,NOT AVAILABLE,Y,2013-03-22T00:00:00.000Z
-77.583282811999936,35.290340626000038,4126,0008928503,"LENOIR MEMORIAL HOSPITAL, INC.",100 AIRPORT ROAD,NOT AVAILABLE,KINSTON,NC,28503,NOT AVAILABLE,(252) 522-7797,GENERAL ACUTE CARE,OPEN,261,LENOIR,37107,USA,35.290340626,-77.5832828119999,622110,GENERAL MEDICAL AND SURGICAL HOSPITALS,https://www2.ncdhhs.gov/dhsr/data/hllist.pdf,2016-01-25T00:00:00.000Z,IMAGERY WITH OTHER,2014-02-10T00:00:00.000Z,http://www.lenoirmemorial.org,NOT AVAILABLE,NOT AVAILABLE,37,NON-PROFIT,-999,261,NOT AVAILABLE,Y,2013-03-22T00:00:00.000Z
-79.187204878,35.469074485000078,4127,0005127330,CENTRAL CAROLINA HOSPITAL,1135 CARTHAGE ST,NOT AVAILABLE,SANFORD,NC,27330,NOT AVAILABLE,(919) 774-2100,GENERAL ACUTE CARE,OPEN,127,LEE,37105,USA,35.4690744850001,-79.187204878,622110,GENERAL MEDICAL AND SURGICAL HOSPITALS,https://www2.ncdhhs.gov/dhsr/data/hllist.pdf,2016-01-25T00:00:00.000Z,IMAGERY WITH OTHER,2014-02-10T00:00:00.000Z,http://www.centralcarolinahosp.com,NOT AVAILABLE,NOT AVAILABLE,37,PROPRIETARY,-999,127,NOT AVAILABLE,Y,2013-03-22T00:00:00.000Z
-78.334980778999977,35.514414576000036,4128,0008527577,JOHNSTON MEDICAL CENTER - SMITHFIELD,509 N. BRIGHT LEAF BLVD.,NOT AVAILABLE,SMITHFIELD,NC,27577,NOT AVAILABLE,(919) 934-8171,GENERAL ACUTE CARE,OPEN,199,JOHNSTON,37101,USA,35.514414576,-78.334980779,622110,GENERAL MEDICAL AND SURGICAL HOSPITALS,https://www2.ncdhhs.gov/dhsr/data/hllist.pdf,2016-01-25T00:00:00.000Z,IMAGERY WITH OTHER,2014-02-10T00:00:00.000Z,http://www.johnstonhealth.org/,NOT AVAILABLE,NOT AVAILABLE,37,GOVERNMENT - DISTRICT/AUTHORITY,-999,199,NOT AVAILABLE,Y,2013-03-22T00:00:00.000Z
-78.593351919999975,36.326415689000036,4129,0007327565,GRANVILLE HEALTH SYSTEM,1010 COLLEGE STREET,NOT AVAILABLE,OXFORD,NC,27565,NOT AVAILABLE,(919) 690-3000,GENERAL ACUTE CARE,OPEN,142,GRANVILLE,37077,USA,36.326415689,-78.59335192,622110,GENERAL MEDICAL AND SURGICAL HOSPITALS,https://www2.ncdhhs.gov/dhsr/data/hllist.pdf,2016-01-25T00:00:00.000Z,IMAGERY WITH OTHER,2014-02-10T00:00:00.000Z,http://www.granvillemedical.com,NOT AVAILABLE,NOT AVAILABLE,37,GOVERNMENT - LOCAL,-999,142,NOT AVAILABLE,Y,2013-03-22T00:00:00.000Z
-81.030128712999954,35.263157962000037,4130,0004828012,CAROLINAS REHABILITATION - MOUNT HOLLY,275 BEATTY DRIVE,NOT AVAILABLE,BELMONT,NC,28012,NOT AVAILABLE,(704) 355-3398,REHABILITATION,OPEN,40,GASTON,37071,USA,35.263157962,-81.030128713,622210,"REHABILITATION HOSPITALS (EXCEPT ALCOHOLISM, DRUG ADDICTION)",https://www2.ncdhhs.gov/dhsr/data/hllist.pdf,2016-01-25T00:00:00.000Z,IMAGERY WITH OTHER,2013-09-26T00:00:00.000Z,http://www.carolinashealthcare.org/carolinas-rehab,NOT AVAILABLE,NOT AVAILABLE,37,GOVERNMENT - LOCAL,-999,40,NOT AVAILABLE,NOT AVAILABLE,2013-03-22T00:00:00.000Z
-80.821029091999932,35.210155172000043,4131,0004228207,CAROLINAS MEDICAL CENTER-MERCY,2001 VAIL AVE,NOT AVAILABLE,CHARLOTTE,NC,28207,NOT AVAILABLE,(704) 304-5000,GENERAL ACUTE CARE,OPEN,305,MECKLENBURG,37119,USA,35.210155172,-80.8210290919999,622110,GENERAL MEDICAL AND SURGICAL HOSPITALS,https://www2.ncdhhs.gov/dhsr/data/hllist.pdf,2016-01-25T00:00:00.000Z,IMAGERY WITH OTHER,2013-09-26T00:00:00.000Z,http://www.carolinashealthcare.org/cmc-mercy,NOT AVAILABLE,NOT AVAILABLE,37,GOVERNMENT - DISTRICT/AUTHORITY,-999,305,NOT AVAILABLE,NOT AVAILABLE,2013-03-22T00:00:00.000Z
-80.747047941999938,35.306757427000029,4132,0004528256,CAROLINAS MEDICAL CENTER-UNIVERSITY,8800 NORTH TRYON STREET,NOT AVAILABLE,CHARLOTTE,NC,28256,NOT AVAILABLE,(704) 863-6000,GENERAL ACUTE CARE,OPEN,100,MECKLENBURG,37119,USA,35.306757427,-80.7470479419999,622110,GENERAL MEDICAL AND SURGICAL HOSPITALS,https://www2.ncdhhs.gov/dhsr/data/hllist.pdf,2016-01-25T00:00:00.000Z,IMAGERY WITH OTHER,2014-02-10T00:00:00.000Z,http://www.carolinashealthcare.org/cmc-university,NOT AVAILABLE,NOT AVAILABLE,37,GOVERNMENT - DISTRICT/AUTHORITY,-999,100,NOT AVAILABLE,Y,2013-03-22T00:00:00.000Z
-80.838901795999959,35.203899886000038,4133,0004628232,CAROLINAS MEDICAL CENTER,1000 BLYTHE BOULEVARD,NOT AVAILABLE,CHARLOTTE,NC,28232,NOT AVAILABLE,(704) 355-2000,GENERAL ACUTE CARE,OPEN,1132,MECKLENBURG,37119,USA,35.203899886,-80.838901796,622110,GENERAL MEDICAL AND SURGICAL HOSPITALS,https://www2.ncdhhs.gov/dhsr/data/hllist.pdf,2016-01-25T00:00:00.000Z,IMAGERY WITH OTHER,2014-02-10T00:00:00.000Z,http://www.carolinasmedicalcenter.org,NOT AVAILABLE,NOT AVAILABLE,37,GOVERNMENT - DISTRICT/AUTHORITY,-999,1132,I,Y,2013-03-22T00:00:00.000Z
-80.838717821999978,35.201884954000029,4134,0004728203,CAROLINAS REHABILITATION,1100 BLYTHE BLVD,NOT AVAILABLE,CHARLOTTE,NC,28203,NOT AVAILABLE,(704) 355-4300,REHABILITATION,OPEN,70,MECKLENBURG,37119,USA,35.201884954,-80.838717822,622210,"REHABILITATION HOSPITALS (EXCEPT ALCOHOLISM, DRUG ADDICTION)",https://www2.ncdhhs.gov/dhsr/data/hllist.pdf,2016-01-25T00:00:00.000Z,IMAGERY WITH OTHER,2014-02-10T00:00:00.000Z,http://www.carolinashealthcare.org/carolinas-rehab,NOT AVAILABLE,NOT AVAILABLE,37,NON-PROFIT,-999,70,LEVEL I,NOT AVAILABLE,2013-03-22T00:00:00.000Z
-80.871618186999967,35.092012183000065,4135,0012528210,CAROLINAS MEDICAL CENTER-PINEVILLE,10628 PARK RD,NOT AVAILABLE,CHARLOTTE,NC,28210,NOT AVAILABLE,(704) 543-2025,GENERAL ACUTE CARE,OPEN,206,MECKLENBURG,37119,USA,35.0920121830001,-80.871618187,622110,GENERAL MEDICAL AND SURGICAL HOSPITALS,https://www2.ncdhhs.gov/dhsr/data/hllist.pdf,2016-01-25T00:00:00.000Z,IMAGERY WITH OTHER,2014-02-10T00:00:00.000Z,http://www.carolinashealthcare.org/cmc-pineville,NOT AVAILABLE,NOT AVAILABLE,37,GOVERNMENT - DISTRICT/AUTHORITY,-999,206,NOT AVAILABLE,Y,2013-03-22T00:00:00.000Z
-82.0284762799999,35.663395570000034,4136,0010728752,MCDOWELL HOSPITAL,430 RANKIN DRIVE,NOT AVAILABLE,MARION,NC,28752,NOT AVAILABLE,(828) 659-5000,GENERAL ACUTE CARE,OPEN,65,MCDOWELL,37111,USA,35.66339557,-82.02847628,622110,GENERAL MEDICAL AND SURGICAL HOSPITALS,https://www2.ncdhhs.gov/dhsr/data/hllist.pdf,2016-01-25T00:00:00.000Z,IMAGERY,2014-02-10T00:00:00.000Z,http://www.mcdhospital.org,NOT AVAILABLE,NOT AVAILABLE,37,NON-PROFIT,-999,65,NOT AVAILABLE,Y,2013-03-22T00:00:00.000Z
-83.378688919999945,35.18466141600004,4137,0002628744,ANGEL MEDICAL CENTER,120 RIVERVIEW STREET,NOT AVAILABLE,FRANKLIN,NC,28744,NOT AVAILABLE,(828) 524-8411,GENERAL ACUTE CARE,OPEN,59,MACON,37113,USA,35.184661416,-83.3786889199999,622110,GENERAL MEDICAL AND SURGICAL HOSPITALS,https://www2.ncdhhs.gov/dhsr/data/hllist.pdf,2016-01-25T00:00:00.000Z,IMAGERY WITH OTHER,2014-02-10T00:00:00.000Z,http://www.angelmed.org,NOT AVAILABLE,NOT AVAILABLE,37,GOVERNMENT - DISTRICT/AUTHORITY,-999,59,NOT AVAILABLE,Y,2013-03-22T00:00:00.000Z
-83.18589112899997,35.086586511000057,4138,0007928741,HIGHLANDS-CASHIERS HOSPITAL,190 HOSPITAL DRIVE,NOT AVAILABLE,HIGHLANDS,NC,28741,NOT AVAILABLE,(828) 526-1200,GENERAL ACUTE CARE,OPEN,24,MACON,37113,USA,35.0865865110001,-83.185891129,622110,GENERAL MEDICAL AND SURGICAL HOSPITALS,https://www2.ncdhhs.gov/dhsr/data/hllist.pdf,2016-01-25T00:00:00.000Z,IMAGERY,2014-03-12T00:00:00.000Z,http://www.hchospital.org,NOT AVAILABLE,NOT AVAILABLE,37,NON-PROFIT,-999,24,NOT AVAILABLE,Y,2013-03-22T00:00:00.000Z
-82.467080417999966,35.32031436200004,4139,0000228791,MARGARET R. PARDEE MEMORIAL HOSPITAL,800 NORTH JUSTICE STREET,NOT AVAILABLE,HENDERSONVILLE,NC,28791,NOT AVAILABLE,(828) 696-1000,GENERAL ACUTE CARE,OPEN,222,HENDERSON,37089,USA,35.320314362,-82.467080418,622110,GENERAL MEDICAL AND SURGICAL HOSPITALS,https://www2.ncdhhs.gov/dhsr/data/hllist.pdf,2016-01-25T00:00:00.000Z,IMAGERY WITH OTHER,2014-02-10T00:00:00.000Z,http://www.pardeehospital.org,NOT AVAILABLE,NOT AVAILABLE,37,GOVERNMENT - LOCAL,-999,222,NOT AVAILABLE,Y,2013-03-22T00:00:00.000Z
-82.488193010999964,35.390043302000038,4140,0001728732,PARK RIDGE HOSPITAL,100 HOSPITAL DRIVE,NOT AVAILABLE,HENDERSONVILLE,NC,28732,NOT AVAILABLE,(828) 684-8501,GENERAL ACUTE CARE,OPEN,103,HENDERSON,37089,USA,35.390043302,-82.488193011,622110,GENERAL MEDICAL AND SURGICAL HOSPITALS,https://www2.ncdhhs.gov/dhsr/data/hllist.pdf,2016-01-25T00:00:00.000Z,IMAGERY,2014-02-10T00:00:00.000Z,http://www.parkridgehealth.org,NOT AVAILABLE,NOT AVAILABLE,37,NON-PROFIT,-999,103,NOT AVAILABLE,Y,2013-03-22T00:00:00.000Z
-82.942508883999949,35.525381277000065,4141,0007628721,MEDWEST - HAYWOOD,262 LEROY GEORGE DRIVE,NOT AVAILABLE,CLYDE,NC,28721,NOT AVAILABLE,(828) 456-7311,GENERAL ACUTE CARE,OPEN,190,HAYWOOD,37087,USA,35.5253812770001,-82.9425088839999,622110,GENERAL MEDICAL AND SURGICAL HOSPITALS,https://www2.ncdhhs.gov/dhsr/data/hllist.pdf,2016-01-25T00:00:00.000Z,IMAGERY WITH OTHER,2014-02-10T00:00:00.000Z,http://www.haymed.org,NOT AVAILABLE,NOT AVAILABLE,37,GOVERNMENT - DISTRICT/AUTHORITY,-999,190,NOT AVAILABLE,Y,2013-03-22T00:00:00.000Z
-78.634666179999954,35.307032736000046,4142,0003328335,BETSY JOHNSON HOSPITAL,800 TILGHMAN DR,NOT AVAILABLE,DUNN,NC,28335,NOT AVAILABLE,(910) 892-7161,GENERAL ACUTE CARE,OPEN,151,HARNETT,37085,USA,35.3070327360001,-78.63466618,622110,GENERAL MEDICAL AND SURGICAL HOSPITALS,https://www2.ncdhhs.gov/dhsr/data/hllist.pdf,2016-01-25T00:00:00.000Z,IMAGERY WITH OTHER,2014-02-10T00:00:00.000Z,http://www.bjrh.org/,NOT AVAILABLE,NOT AVAILABLE,37,NON-PROFIT,-999,151,NOT AVAILABLE,Y,2013-03-22T00:00:00.000Z
-77.429718657999942,36.12914214400007,4143,0001627874,OUR COMMUNITY HOSPITAL,921 JUNIOR HIGH ROAD,NOT AVAILABLE,SCOTLAND NECK,NC,27874,NOT AVAILABLE,(252) 826-4144,GENERAL ACUTE CARE,OPEN,100,HALIFAX,37083,USA,36.1291421440001,-77.429718658,622110,GENERAL MEDICAL AND SURGICAL HOSPITALS,https://www2.ncdhhs.gov/dhsr/data/hllist.pdf,2016-01-25T00:00:00.000Z,IMAGERY WITH OTHER,2014-02-10T00:00:00.000Z,http://www.och-bltc.org,NOT AVAILABLE,NOT AVAILABLE,37,NON-PROFIT,-999,100,NOT AVAILABLE,Y,2013-03-22T00:00:00.000Z
-77.646414114999985,36.43200620900005,4144,0007427870,HALIFAX REGIONAL MEDICAL CENTER,250 SMITH CHURCH ROAD,NOT AVAILABLE,ROANOKE RAPIDS,NC,27870,NOT AVAILABLE,(252) 535-8011,GENERAL ACUTE CARE,OPEN,206,HALIFAX,37083,USA,36.4320062090001,-77.646414115,622110,GENERAL MEDICAL AND SURGICAL HOSPITALS,https://www2.ncdhhs.gov/dhsr/data/hllist.pdf,2016-01-25T00:00:00.000Z,IMAGERY,2014-02-10T00:00:00.000Z,http://www.halifaxmedicalcenter.org,NOT AVAILABLE,NOT AVAILABLE,37,NON-PROFIT,-999,206,NOT AVAILABLE,Y,2013-03-22T00:00:00.000Z
-79.786457379999945,36.090884738000057,4145,0000827401,MOSES CONE MEMORIAL HOSPITAL,1200 NORTH ELM ST,NOT AVAILABLE,GREENSBORO,NC,27401,NOT AVAILABLE,(336) 832-7000,GENERAL ACUTE CARE,OPEN,906,GUILFORD,37081,USA,36.0908847380001,-79.7864573799999,622110,GENERAL MEDICAL AND SURGICAL HOSPITALS,https://www2.ncdhhs.gov/dhsr/data/hllist.pdf,2016-01-25T00:00:00.000Z,IMAGERY WITH OTHER,2014-02-10T00:00:00.000Z,http://www.conehealth.com/locations/moses-cone-hospital/,NOT AVAILABLE,NOT AVAILABLE,37,NON-PROFIT,-999,906,LEVEL II,NOT AVAILABLE,2013-03-22T00:00:00.000Z
-80.013394316999936,35.962823799000013,4146,0007827261,HIGH POINT REGIONAL HEALTH SYSTEM,601 NORTH ELM STREET,NOT AVAILABLE,HIGH POINT,NC,27261,NOT AVAILABLE,(336) 878-6000,GENERAL ACUTE CARE,OPEN,384,GUILFORD,37081,USA,35.962823799,-80.013394317,622110,GENERAL MEDICAL AND SURGICAL HOSPITALS,https://www2.ncdhhs.gov/dhsr/data/hllist.pdf,2016-01-25T00:00:00.000Z,IMAGERY WITH OTHER,2014-02-10T00:00:00.000Z,http://www.highpointregional.com,NOT AVAILABLE,NOT AVAILABLE,37,NON-PROFIT,-999,384,NOT AVAILABLE,Y,2013-03-22T00:00:00.000Z
-79.770365023999943,36.049263826000065,4147,0008627406,KINDRED HOSPITAL - GREENSBORO,2401 SOUTHSIDE BLVD,NOT AVAILABLE,GREENSBORO,NC,27406,NOT AVAILABLE,(336) 271-2800,GENERAL ACUTE CARE,OPEN,124,GUILFORD,37081,USA,36.0492638260001,-79.7703650239999,622110,GENERAL MEDICAL AND SURGICAL HOSPITALS,https://www2.ncdhhs.gov/dhsr/data/hllist.pdf,2016-01-25T00:00:00.000Z,IMAGERY WITH OTHER,2013-09-27T00:00:00.000Z,http://www.khgreensboro.com,NOT AVAILABLE,NOT AVAILABLE,37,PROPRIETARY,-999,124,NOT AVAILABLE,NOT AVAILABLE,2013-03-22T00:00:00.000Z
-79.825418580999951,36.083426061000061,4148,0012227403,WESLEY LONG COMMUNITY HOSPITAL,501 N ELAM AVENUE,NOT AVAILABLE,GREENSBORO,NC,27403,NOT AVAILABLE,(336) 854-6100,GENERAL ACUTE CARE,OPEN,175,GUILFORD,37081,USA,36.0834260610001,-79.825418581,622110,GENERAL MEDICAL AND SURGICAL HOSPITALS,https://www2.ncdhhs.gov/dhsr/data/hllist.pdf,2016-01-25T00:00:00.000Z,IMAGERY WITH OTHER,2014-02-10T00:00:00.000Z,http://www.conehealth.com/locations/wesley-long-hospital,NOT AVAILABLE,NOT AVAILABLE,37,NON-PROFIT,-999,175,NOT AVAILABLE,NOT AVAILABLE,2013-03-22T00:00:00.000Z
-83.20300137299995,35.386010888000037,4149,0007528779,HARRIS REGIONAL HOSPITAL,68 HOSPITAL RD,NOT AVAILABLE,SYLVA,NC,28779,NOT AVAILABLE,(828) 586-7000,GENERAL ACUTE CARE,OPEN,86,JACKSON,37099,USA,35.386010888,-83.203001373,622110,GENERAL MEDICAL AND SURGICAL HOSPITALS,https://www2.ncdhhs.gov/dhsr/data/hllist.pdf,2016-01-25T00:00:00.000Z,IMAGERY WITH OTHER,2014-02-10T00:00:00.000Z,http://www.myharrisregional.com/,NOT AVAILABLE,NOT AVAILABLE,37,NON-PROFIT,-999,86,NOT AVAILABLE,NOT AVAILABLE,2013-03-22T00:00:00.000Z
-80.82871473799996,35.818428674000074,4150,0006028687,DAVIS REGIONAL MEDICAL CENTER,218 OLD MOCKSVILLE ROAD,NOT AVAILABLE,STATESVILLE,NC,28687,NOT AVAILABLE,(704) 873-0281,GENERAL ACUTE CARE,OPEN,149,IREDELL,37097,USA,35.8184286740001,-80.828714738,622110,GENERAL MEDICAL AND SURGICAL HOSPITALS,https://www2.ncdhhs.gov/dhsr/data/hllist.pdf,2016-01-25T00:00:00.000Z,IMAGERY WITH OTHER,2014-02-10T00:00:00.000Z,http://www.davisregional.com,NOT AVAILABLE,NOT AVAILABLE,37,PROPRIETARY,-999,149,NOT AVAILABLE,Y,2013-03-22T00:00:00.000Z
-80.878068336999945,35.799261529000034,4151,0008328677,"IREDELL MEMORIAL HOSPITAL, INCORPORATED",557 BROOKDALE DRIVE,NOT AVAILABLE,STATESVILLE,NC,28677,NOT AVAILABLE,(704) 878-4500,GENERAL ACUTE CARE,OPEN,247,IREDELL,37097,USA,35.799261529,-80.8780683369999,622110,GENERAL MEDICAL AND SURGICAL HOSPITALS,https://www2.ncdhhs.gov/dhsr/data/hllist.pdf,2016-01-25T00:00:00.000Z,IMAGERY WITH OTHER,2014-02-10T00:00:00.000Z,http://www.iredellmemorial.org,NOT AVAILABLE,NOT AVAILABLE,37,NON-PROFIT,-999,247,NOT AVAILABLE,Y,2013-03-22T00:00:00.000Z
-76.995234981999943,36.285431303000053,4152,0009627910,VIDANT ROANOKE-CHOWAN HOSPITAL,500 SOUTH ACADEMY STREET,NOT AVAILABLE,AHOSKIE,NC,27910,NOT AVAILABLE,(252) 209-3000,GENERAL ACUTE CARE,OPEN,114,HERTFORD,37091,USA,36.2854313030001,-76.9952349819999,622110,GENERAL MEDICAL AND SURGICAL HOSPITALS,https://www2.ncdhhs.gov/dhsr/data/hllist.pdf,2016-01-25T00:00:00.000Z,IMAGERY WITH OTHER,2014-02-10T00:00:00.000Z,https://www.vidanthealth.com/roanokechowan/dynamic-detail.aspx?id=449,NOT AVAILABLE,NOT AVAILABLE,37,NON-PROFIT,-999,114,NOT AVAILABLE,NOT AVAILABLE,2013-03-22T00:00:00.000Z
-77.952468702999965,35.39848375300005,4153,0011727533,WAYNE MEMORIAL HOSPITAL,2700 WAYNE MEMORIAL DRIVE,NOT AVAILABLE,GOLDSBORO,NC,27533,NOT AVAILABLE,(919) 736-1110,GENERAL ACUTE CARE,OPEN,316,WAYNE,37191,USA,35.3984837530001,-77.952468703,622110,GENERAL MEDICAL AND SURGICAL HOSPITALS,https://www2.ncdhhs.gov/dhsr/data/hllist.pdf,2016-01-25T00:00:00.000Z,IMAGERY WITH OTHER,2014-02-10T00:00:00.000Z,http://www.waynehealth.org,NOT AVAILABLE,NOT AVAILABLE,37,NON-PROFIT,-999,316,NOT AVAILABLE,Y,2013-03-22T00:00:00.000Z
-77.943813091999971,35.718558670000036,4154,0011927893,WILSON MEDICAL CENTER,1705 TARBORO ST. SW,NOT AVAILABLE,WILSON,NC,27893,NOT AVAILABLE,(252) 399-8040,GENERAL ACUTE CARE,OPEN,317,WILSON,37195,USA,35.7185586700001,-77.943813092,622110,GENERAL MEDICAL AND SURGICAL HOSPITALS,https://www2.ncdhhs.gov/dhsr/data/hllist.pdf,2016-01-25T00:00:00.000Z,IMAGERY WITH OTHER,2014-02-10T00:00:00.000Z,http://www.wilmed.org,NOT AVAILABLE,NOT AVAILABLE,37,NON-PROFIT,-999,317,NOT AVAILABLE,Y,2013-03-22T00:00:00.000Z
-80.671125477999965,36.135283917000031,4155,0008127055,YADKIN VALLEY COMMUNITY HOSPITAL,624 WEST MAIN ST,NOT AVAILABLE,YADKINVILLE,NC,27055,NOT AVAILABLE,(336) 679-2041,GENERAL ACUTE CARE,OPEN,22,YADKIN,37197,USA,36.135283917,-80.671125478,622110,GENERAL MEDICAL AND SURGICAL HOSPITALS,https://www2.ncdhhs.gov/dhsr/data/hllist.pdf,2016-01-25T00:00:00.000Z,IMAGERY WITH OTHER,2014-02-10T00:00:00.000Z,http://www.yadkinhospital.com/,NOT AVAILABLE,NOT AVAILABLE,37,NON-PROFIT,-999,22,NOT AVAILABLE,NOT AVAILABLE,2013-03-22T00:00:00.000Z
-78.618125955999957,35.828532571000039,4156,0006127611,DUKE HEALTH RALEIGH HOSPITAL,3400 WAKE FOREST ROAD,NOT AVAILABLE,RALEIGH,NC,27611,NOT AVAILABLE,(919) 954-3000,GENERAL ACUTE CARE,OPEN,186,WAKE,37183,USA,35.828532571,-78.618125956,622110,GENERAL MEDICAL AND SURGICAL HOSPITALS,https://www2.ncdhhs.gov/dhsr/data/hllist.pdf,2016-01-25T00:00:00.000Z,IMAGERY WITH OTHER,2014-02-10T00:00:00.000Z,http://www.dukehealthraleigh.org,NOT AVAILABLE,NOT AVAILABLE,37,NON-PROFIT,-999,186,NOT AVAILABLE,NOT AVAILABLE,2013-03-22T00:00:00.000Z
-78.703171913999938,35.817488637000054,4157,0009527607,REX HOSPITAL,4420 LAKE BOONE TRAIL,NOT AVAILABLE,RALEIGH,NC,27607,NOT AVAILABLE,(919) 784-3100,GENERAL ACUTE CARE,OPEN,514,WAKE,37183,USA,35.8174886370001,-78.7031719139999,622110,GENERAL MEDICAL AND SURGICAL HOSPITALS,https://www2.ncdhhs.gov/dhsr/data/hllist.pdf,2016-01-25T00:00:00.000Z,IMAGERY WITH OTHER,2014-02-10T00:00:00.000Z,http://www.rexhealth.com,NOT AVAILABLE,NOT AVAILABLE,37,NON-PROFIT,-999,514,LEVEL I,NOT AVAILABLE,2013-03-22T00:00:00.000Z
-78.587901970999965,35.784511348000024,4158,0011327620,WAKEMED,3000 NEW BERN AVENUE,NOT AVAILABLE,RALEIGH,NC,27620,NOT AVAILABLE,(919) 350-8000,GENERAL ACUTE CARE,OPEN,870,WAKE,37183,USA,35.784511348,-78.587901971,622110,GENERAL MEDICAL AND SURGICAL HOSPITALS,https://www2.ncdhhs.gov/dhsr/data/hllist.pdf,2016-01-25T00:00:00.000Z,IMAGERY WITH OTHER,2014-02-10T00:00:00.000Z,http://www.wakemed.org/subhome.cfm?id=52,NOT AVAILABLE,NOT AVAILABLE,37,NON-PROFIT,-999,870,I,Y,2013-03-22T00:00:00.000Z
-78.781456306999985,35.740224051000034,4159,0011427511,WAKEMED CARY HOSPITAL,1900 KILDAIRE FARM RD.,NOT AVAILABLE,CARY,NC,27511,NOT AVAILABLE,(919) 350-2550,GENERAL ACUTE CARE,OPEN,150,WAKE,37183,USA,35.740224051,-78.781456307,622110,GENERAL MEDICAL AND SURGICAL HOSPITALS,https://www2.ncdhhs.gov/dhsr/data/hllist.pdf,2016-01-25T00:00:00.000Z,IMAGERY WITH OTHER,2014-02-10T00:00:00.000Z,http://www.wakemed.org/subhome.cfm?id=54,NOT AVAILABLE,NOT AVAILABLE,37,NON-PROFIT,-999,150,NOT AVAILABLE,Y,2013-03-22T00:00:00.000Z
-78.597837392999963,35.909082321000028,4160,0012127614,WAKEMED NORTH HEALTHPLEX,10000 FALLS OF NEUSE ROAD,NOT AVAILABLE,RALEIGH,NC,27614,NOT AVAILABLE,(919) 350-1300,GENERAL ACUTE CARE,OPEN,61,WAKE,37183,USA,35.909082321,-78.597837393,622110,GENERAL MEDICAL AND SURGICAL HOSPITALS,https://www2.ncdhhs.gov/dhsr/data/hllist.pdf,2016-01-25T00:00:00.000Z,IMAGERY WITH OTHER,2014-02-10T00:00:00.000Z,http://www.wakemed.org/landing.cfm?id=1848,NOT AVAILABLE,NOT AVAILABLE,37,NON-PROFIT,-999,61,NOT AVAILABLE,NOT AVAILABLE,2013-03-22T00:00:00.000Z
-78.449446454999986,36.330865061000054,4161,0000327536,MARIA PARHAM MEDICAL CENTER,566 RUIN CREEK ROAD,NOT AVAILABLE,HENDERSON,NC,27536,NOT AVAILABLE,(252) 436-1100,GENERAL ACUTE CARE,OPEN,102,VANCE,37181,USA,36.3308650610001,-78.449446455,622110,GENERAL MEDICAL AND SURGICAL HOSPITALS,https://www2.ncdhhs.gov/dhsr/data/hllist.pdf,2016-01-25T00:00:00.000Z,IMAGERY,2014-02-10T00:00:00.000Z,http://www.mariaparham.com,NOT AVAILABLE,NOT AVAILABLE,37,NON-PROFIT,-999,102,NOT AVAILABLE,Y,2013-03-22T00:00:00.000Z
-81.677914821999934,36.12891688600007,4162,0003528605,BLOWING ROCK HOSPITAL,418 CHESTNUT STREET,NOT AVAILABLE,BLOWING ROCK,NC,28605,NOT AVAILABLE,(828) 295-3136,GENERAL ACUTE CARE,CLOSED,100,WATAUGA,37189,USA,36.1289168860001,-81.6779148219999,622110,GENERAL MEDICAL AND SURGICAL HOSPITALS,https://www2.ncdhhs.gov/dhsr/data/hllist.pdf,2012-07-03T00:00:00.000Z,IMAGERY,2014-02-10T00:00:00.000Z,http://https://apprhs.org/locations/blowing-rock-hospital,NOT AVAILABLE,NOT AVAILABLE,37,NON-PROFIT,-999,100,NOT AVAILABLE,NOT AVAILABLE,2013-03-22T00:00:00.000Z
-81.65152935499998,36.198468858000062,4163,0011628607,"WATAUGA MEDICAL CENTER, INC.",336 DEERFIELD ROAD,NOT AVAILABLE,BOONE,NC,28607,NOT AVAILABLE,(828) 262-4100,GENERAL ACUTE CARE,OPEN,117,WATAUGA,37189,USA,36.1984688580001,-81.651529355,622110,GENERAL MEDICAL AND SURGICAL HOSPITALS,https://www2.ncdhhs.gov/dhsr/data/hllist.pdf,2016-01-25T00:00:00.000Z,IMAGERY WITH OTHER,2014-02-10T00:00:00.000Z,http://https://apprhs.org/locations/watauga-medical-center,NOT AVAILABLE,NOT AVAILABLE,37,NON-PROFIT,-999,117,NOT AVAILABLE,Y,2013-03-22T00:00:00.000Z
-80.522842413999953,34.975706789000071,4164,0004428111,CAROLINAS MEDICAL CENTER-UNION,600 HOSPITAL DRIVE,NOT AVAILABLE,MONROE,NC,28111,NOT AVAILABLE,(704) 283-3100,GENERAL ACUTE CARE,OPEN,227,UNION,37179,USA,34.9757067890001,-80.522842414,622110,GENERAL MEDICAL AND SURGICAL HOSPITALS,https://www2.ncdhhs.gov/dhsr/data/hllist.pdf,2016-01-25T00:00:00.000Z,IMAGERY WITH OTHER,2014-02-10T00:00:00.000Z,http://www.carolinashealthcare.org/cmc-uniong,NOT AVAILABLE,NOT AVAILABLE,37,GOVERNMENT - DISTRICT/AUTHORITY,-999,227,NOT AVAILABLE,Y,2013-03-22T00:00:00.000Z
-82.711910287999956,35.256139104000063,4165,0011028712,"TRANSYLVANIA COMMUNITY HOSPITAL, INC. AND BRIDGEWAY",P O BOX 1116,NOT AVAILABLE,BREVARD,NC,28712,NOT AVAILABLE,(828) 884-9111,GENERAL ACUTE CARE,OPEN,94,TRANSYLVANIA,37175,USA,35.2561391040001,-82.711910288,622110,GENERAL MEDICAL AND SURGICAL HOSPITALS,https://www2.ncdhhs.gov/dhsr/data/hllist.pdf,2016-01-25T00:00:00.000Z,IMAGERY WITH OTHER,2014-03-12T00:00:00.000Z,http://www.trhospital.org,NOT AVAILABLE,NOT AVAILABLE,37,NON-PROFIT,-999,94,NOT AVAILABLE,Y,2013-03-22T00:00:00.000Z
-83.444792567999968,35.434485493000068,4166,0010628713,SWAIN COMMUNITY HOSPITAL,45 PLATEAU ST,NOT AVAILABLE,BRYSON CITY,NC,28713,NOT AVAILABLE,(828) 488-2155,GENERAL ACUTE CARE,OPEN,48,SWAIN,37173,USA,35.4344854930001,-83.444792568,622110,GENERAL MEDICAL AND SURGICAL HOSPITALS,https://www2.ncdhhs.gov/dhsr/data/hllist.pdf,2016-01-25T00:00:00.000Z,IMAGERY,2014-02-10T00:00:00.000Z,http://www.myswaincommunity.com/,NOT AVAILABLE,NOT AVAILABLE,37,NON-PROFIT,-999,48,NOT AVAILABLE,Y,2013-03-22T00:00:00.000Z
-80.612168097999984,36.488604093000042,4167,0001427030,NORTHERN HOSPITAL OF SURRY COUNTY,830 ROCKFORD STREET,NOT AVAILABLE,MOUNT AIRY,NC,27030,NOT AVAILABLE,(336) 719-7100,GENERAL ACUTE CARE,OPEN,133,SURRY,37171,USA,36.488604093,-80.612168098,622110,GENERAL MEDICAL AND SURGICAL HOSPITALS,https://www2.ncdhhs.gov/dhsr/data/hllist.pdf,2016-01-25T00:00:00.000Z,IMAGERY WITH OTHER,2014-02-10T00:00:00.000Z,http://www.northernhospital.com,NOT AVAILABLE,NOT AVAILABLE,37,GOVERNMENT - DISTRICT/AUTHORITY,-999,133,NOT AVAILABLE,Y,2013-03-22T00:00:00.000Z
-80.838302664999958,36.261864605000028,4168,0008228621,"HUGH CHATHAM MEMORIAL HOSPITAL, INC.",180 PARKWOOD DRIVE,NOT AVAILABLE,ELKIN,NC,28621,NOT AVAILABLE,(336) 527-7000,GENERAL ACUTE CARE,OPEN,93,SURRY,37171,USA,36.261864605,-80.838302665,622110,GENERAL MEDICAL AND SURGICAL HOSPITALS,https://www2.ncdhhs.gov/dhsr/data/hllist.pdf,2016-01-25T00:00:00.000Z,IMAGERY WITH OTHER,2014-02-10T00:00:00.000Z,http://www.hughchatham.org,NOT AVAILABLE,NOT AVAILABLE,37,NON-PROFIT,-999,93,NOT AVAILABLE,Y,2013-03-22T00:00:00.000Z
-80.075940022999987,34.961429174000038,4169,0002828170,ANSON COMMUNITY HOSPITAL,500 MORVEN RD,NOT AVAILABLE,WADESBORO,NC,28170,NOT AVAILABLE,(704) 694-5131,GENERAL ACUTE CARE,CLOSED,147,ANSON,37007,USA,34.961429174,-80.075940023,622110,GENERAL MEDICAL AND SURGICAL HOSPITALS,https://www2.ncdhhs.gov/dhsr/data/hllist.pdf,2012-07-03T00:00:00.000Z,IMAGERY WITH OTHER,2013-09-30T00:00:00.000Z,http://www.carolinashealthcare.org/anson-community-hospital,NOT AVAILABLE,NOT AVAILABLE,37,GOVERNMENT - DISTRICT/AUTHORITY,-999,147,NOT AVAILABLE,NOT AVAILABLE,2013-03-22T00:00:00.000Z
-81.114611005999961,36.509521051000036,4170,0002528675,ALLEGHANY MEMORIAL HOSPITAL,233 DOCTORS STREET,NOT AVAILABLE,SPARTA,NC,28675,NOT AVAILABLE,(336) 372-5511,GENERAL ACUTE CARE,OPEN,41,ALLEGHANY,37005,USA,36.509521051,-81.114611006,622110,GENERAL MEDICAL AND SURGICAL HOSPITALS,https://www2.ncdhhs.gov/dhsr/data/hllist.pdf,2016-01-25T00:00:00.000Z,IMAGERY WITH OTHER,2014-02-10T00:00:00.000Z,http://www.amhsparta.org,NOT AVAILABLE,NOT AVAILABLE,37,NON-PROFIT,-999,41,NOT AVAILABLE,Y,2013-03-22T00:00:00.000Z
-79.502243566999937,36.061203888000065,4171,0000127216,ALAMANCE REGIONAL MEDICAL CENTER,1240 HUFFMAN MILL ROAD,NOT AVAILABLE,BURLINGTON,NC,27216,NOT AVAILABLE,(336) 538-7450,GENERAL ACUTE CARE,OPEN,238,ALAMANCE,37001,USA,36.0612038880001,-79.5022435669999,622110,GENERAL MEDICAL AND SURGICAL HOSPITALS,https://www2.ncdhhs.gov/dhsr/data/hllist.pdf,2016-01-25T00:00:00.000Z,IMAGERY WITH OTHER,2014-02-10T00:00:00.000Z,http://www.armc.com,NOT AVAILABLE,NOT AVAILABLE,37,NON-PROFIT,-999,238,NOT AVAILABLE,Y,2013-03-22T00:00:00.000Z
-81.457523177999974,36.423308531000032,4172,0002928640,"ASHE MEMORIAL HOSPITAL, INC.",200 HOSPITAL AVE.,NOT AVAILABLE,JEFFERSON,NC,28640,NOT AVAILABLE,(336) 846-7101,GENERAL ACUTE CARE,OPEN,76,ASHE,37009,USA,36.423308531,-81.457523178,622110,GENERAL MEDICAL AND SURGICAL HOSPITALS,https://www2.ncdhhs.gov/dhsr/data/hllist.pdf,2016-01-25T00:00:00.000Z,IMAGERY,2014-02-10T00:00:00.000Z,http://www.ashememorial.org,NOT AVAILABLE,NOT AVAILABLE,37,NON-PROFIT,-999,76,NOT AVAILABLE,Y,2013-03-22T00:00:00.000Z
-82.212624081999934,35.239467940000054,4173,0010328722,ST. LUKE'S HOSPITAL,101 HOSPITAL DRIVE,NOT AVAILABLE,COLUMBUS,NC,28722,NOT AVAILABLE,(828) 894-3311,GENERAL ACUTE CARE,OPEN,35,POLK,37149,USA,35.2394679400001,-82.2126240819999,622110,GENERAL MEDICAL AND SURGICAL HOSPITALS,https://www2.ncdhhs.gov/dhsr/data/hllist.pdf,2016-01-25T00:00:00.000Z,IMAGERY WITH OTHER,2014-02-10T00:00:00.000Z,http://www.saintlukeshospital.com,NOT AVAILABLE,NOT AVAILABLE,37,NON-PROFIT,-999,35,NOT AVAILABLE,Y,2013-03-22T00:00:00.000Z
-77.404031069999959,35.607861683000067,4174,0002027835,VIDANT MEDICAL CENTER,2100 STANTONSBURG ROAD,NOT AVAILABLE,GREENVILLE,NC,27835,NOT AVAILABLE,(252) 847-4451,GENERAL ACUTE CARE,OPEN,909,PITT,37147,USA,35.6078616830001,-77.40403107,622110,GENERAL MEDICAL AND SURGICAL HOSPITALS,https://www2.ncdhhs.gov/dhsr/data/hllist.pdf,2016-01-25T00:00:00.000Z,IMAGERY WITH OTHER,2014-02-10T00:00:00.000Z,https://www.vidanthealth.com/medicalcenter/default.aspx,NOT AVAILABLE,NOT AVAILABLE,37,NON-PROFIT,-999,909,LEVEL III,Y,2013-03-22T00:00:00.000Z
-78.984895238999968,36.408453469000051,4175,0001927573,PERSON MEMORIAL HOSPITAL,615 RIDGE RD,NOT AVAILABLE,ROXBORO,NC,27573,NOT AVAILABLE,(336) 599-2121,GENERAL ACUTE CARE,OPEN,110,PERSON,37145,USA,36.4084534690001,-78.984895239,622110,GENERAL MEDICAL AND SURGICAL HOSPITALS,https://www2.ncdhhs.gov/dhsr/data/hllist.pdf,2016-01-25T00:00:00.000Z,IMAGERY,2014-02-10T00:00:00.000Z,http://www.personhospital.com,NOT AVAILABLE,NOT AVAILABLE,37,NON-PROFIT,-999,110,NOT AVAILABLE,Y,2013-03-22T00:00:00.000Z
-76.755041170999959,34.726209498000053,4176,0004928557,CARTERET GENERAL HOSPITAL,3500 ARENDELL STREET,NOT AVAILABLE,MOREHEAD CITY,NC,28557,NOT AVAILABLE,(252) 808-6000,GENERAL ACUTE CARE,OPEN,135,CARTERET,37031,USA,34.7262094980001,-76.755041171,622110,GENERAL MEDICAL AND SURGICAL HOSPITALS,https://www2.ncdhhs.gov/dhsr/data/hllist.pdf,2016-01-25T00:00:00.000Z,IMAGERY WITH OTHER,2013-09-30T00:00:00.000Z,http://www.ccgh.org,NOT AVAILABLE,NOT AVAILABLE,37,GOVERNMENT - LOCAL,-999,135,NOT AVAILABLE,NOT AVAILABLE,2013-03-22T00:00:00.000Z
-79.420855358,35.722954498000036,4177,0005327344,"CHATHAM HOSPITAL, INC.",475 PROGRESS BOULEVARD,NOT AVAILABLE,SILER CITY,NC,27344,NOT AVAILABLE,(919) 663-2113,GENERAL ACUTE CARE,OPEN,25,CHATHAM,37037,USA,35.722954498,-79.420855358,622110,GENERAL MEDICAL AND SURGICAL HOSPITALS,https://www2.ncdhhs.gov/dhsr/data/hllist.pdf,2016-01-25T00:00:00.000Z,IMAGERY,2014-02-10T00:00:00.000Z,http://www.chathamhospital.org,NOT AVAILABLE,NOT AVAILABLE,37,NON-PROFIT,-999,25,NOT AVAILABLE,Y,2013-03-22T00:00:00.000Z
-81.267341912999939,35.713855570000071,4178,0005028602,CATAWBA VALLEY MEDICAL CENTER,810 FAIRGROVE CHURCH ROAD,NOT AVAILABLE,HICKORY,NC,28602,NOT AVAILABLE,(828) 326-3800,GENERAL ACUTE CARE,OPEN,258,CATAWBA,37035,USA,35.7138555700001,-81.2673419129999,622110,GENERAL MEDICAL AND SURGICAL HOSPITALS,https://www2.ncdhhs.gov/dhsr/data/hllist.pdf,2016-01-25T00:00:00.000Z,IMAGERY WITH OTHER,2014-02-10T00:00:00.000Z,http://www.catawbavalleymc.org,NOT AVAILABLE,NOT AVAILABLE,37,GOVERNMENT - LOCAL,-999,258,NOT AVAILABLE,Y,2013-03-22T00:00:00.000Z
-81.337270844,35.737346474000041,4179,0007028601,FRYE REGIONAL MEDICAL CENTER,420 NORTH CENTER ST,NOT AVAILABLE,HICKORY,NC,28601,NOT AVAILABLE,(828) 315-5000,GENERAL ACUTE CARE,OPEN,355,CATAWBA,37035,USA,35.737346474,-81.337270844,622110,GENERAL MEDICAL AND SURGICAL HOSPITALS,https://www2.ncdhhs.gov/dhsr/data/hllist.pdf,2016-01-25T00:00:00.000Z,IMAGERY WITH OTHER,2013-10-01T00:00:00.000Z,http://www.fryemedctr.com,NOT AVAILABLE,NOT AVAILABLE,37,PROPRIETARY,-999,355,NOT AVAILABLE,NOT AVAILABLE,2013-03-22T00:00:00.000Z
-83.96666240799999,35.072712896000034,4180,0000928906,MURPHY MEDICAL CENTER,3990 EAST US HWY 64,NOT AVAILABLE,MURPHY,NC,28906,NOT AVAILABLE,(828) 837-8161,GENERAL ACUTE CARE,OPEN,191,CHEROKEE,37039,USA,35.072712896,-83.966662408,622110,GENERAL MEDICAL AND SURGICAL HOSPITALS,https://www2.ncdhhs.gov/dhsr/data/hllist.pdf,2016-01-25T00:00:00.000Z,IMAGERY,2014-02-10T00:00:00.000Z,http://www.murphymedical.org,NOT AVAILABLE,NOT AVAILABLE,37,NON-PROFIT,-999,191,NOT AVAILABLE,Y,2013-03-22T00:00:00.000Z
-79.012129532999936,34.636910793000027,4181,0010228359,SOUTHEASTERN REGIONAL MEDICAL CENTER,300 WEST 27TH ST,NOT AVAILABLE,LUMBERTON,NC,28359,NOT AVAILABLE,(910) 671-5000,GENERAL ACUTE CARE,OPEN,452,ROBESON,37155,USA,34.636910793,-79.012129533,622110,GENERAL MEDICAL AND SURGICAL HOSPITALS,https://www2.ncdhhs.gov/dhsr/data/hllist.pdf,2016-01-25T00:00:00.000Z,IMAGERY WITH OTHER,2013-10-01T00:00:00.000Z,http://www.srmc.org/main/,NOT AVAILABLE,NOT AVAILABLE,37,PROPRIETARY,-999,452,NOT AVAILABLE,NOT AVAILABLE,2013-03-22T00:00:00.000Z
-79.739444275999986,36.494716308000079,4182,0000727288,MOREHEAD MEMORIAL HOSPITAL,117 EAST KINGS HWY,NOT AVAILABLE,EDEN,NC,27288,NOT AVAILABLE,(336) 623-9711,GENERAL ACUTE CARE,OPEN,242,ROCKINGHAM,37157,USA,36.4947163080001,-79.739444276,622110,GENERAL MEDICAL AND SURGICAL HOSPITALS,https://www2.ncdhhs.gov/dhsr/data/hllist.pdf,2016-01-25T00:00:00.000Z,IMAGERY WITH OTHER,2014-02-10T00:00:00.000Z,http://www.morehead.org,NOT AVAILABLE,NOT AVAILABLE,37,NON-PROFIT,-999,242,NOT AVAILABLE,Y,2013-03-22T00:00:00.000Z
-79.667521593999936,36.353244867000036,4183,0002727320,ANNIE PENN HOSPITAL,618 SOUTH MAIN ST.,NOT AVAILABLE,REIDSVILLE,NC,27320,NOT AVAILABLE,(336) 951-4000,GENERAL ACUTE CARE,OPEN,110,ROCKINGHAM,37157,USA,36.3532448670001,-79.6675215939999,622110,GENERAL MEDICAL AND SURGICAL HOSPITALS,https://www2.ncdhhs.gov/dhsr/data/hllist.pdf,2016-01-25T00:00:00.000Z,IMAGERY WITH OTHER,2014-02-10T00:00:00.000Z,www.conehealth.com/locations/annie-penn-hospital,NOT AVAILABLE,NOT AVAILABLE,37,NON-PROFIT,-999,110,NOT AVAILABLE,NOT AVAILABLE,2013-03-22T00:00:00.000Z
-79.814228041999982,35.711444614000072,4184,0009427204,RANDOLPH HOSPITAL,364 WHITE OAK STREET,NOT AVAILABLE,ASHEBORO,NC,27204,NOT AVAILABLE,(336) 625-5151,GENERAL ACUTE CARE,OPEN,145,RANDOLPH,37151,USA,35.7114446140001,-79.814228042,622110,GENERAL MEDICAL AND SURGICAL HOSPITALS,https://www2.ncdhhs.gov/dhsr/data/hllist.pdf,2016-01-25T00:00:00.000Z,IMAGERY WITH OTHER,2014-02-10T00:00:00.000Z,http://www.randolphhospital.org,NOT AVAILABLE,NOT AVAILABLE,37,NON-PROFIT,-999,145,NOT AVAILABLE,Y,2013-03-22T00:00:00.000Z
-79.749910174999968,34.928593503000059,4185,0006728379,FIRSTHEALTH RICHMOND MEMORIAL HOSPITAL,925 LONG DR,NOT AVAILABLE,ROCKINGHAM,NC,28379,NOT AVAILABLE,(910) 417-3000,GENERAL ACUTE CARE,OPEN,99,RICHMOND,37153,USA,34.9285935030001,-79.749910175,622110,GENERAL MEDICAL AND SURGICAL HOSPITALS,https://www2.ncdhhs.gov/dhsr/data/hllist.pdf,2016-01-25T00:00:00.000Z,IMAGERY WITH OTHER,2014-02-10T00:00:00.000Z,http://www.firsthealth.org/Hospitals%20&%20Facilities/Richmond%20Memorial%20Hospital/index.asp,NOT AVAILABLE,NOT AVAILABLE,37,NON-PROFIT,-999,99,NOT AVAILABLE,Y,2013-03-22T00:00:00.000Z
-79.708521446999953,34.901812005000068,4186,0010028345,SANDHILLS REGIONAL MEDICAL CENTER,1000 WEST HAMLET AVENUE,NOT AVAILABLE,HAMLET,NC,28345,NOT AVAILABLE,(910) 205-8000,GENERAL ACUTE CARE,OPEN,64,RICHMOND,37153,USA,34.9018120050001,-79.708521447,622110,GENERAL MEDICAL AND SURGICAL HOSPITALS,https://www2.ncdhhs.gov/dhsr/data/hllist.pdf,2016-01-25T00:00:00.000Z,IMAGERY WITH OTHER,2014-02-10T00:00:00.000Z,http://www.sandhillsregional.com,NOT AVAILABLE,NOT AVAILABLE,37,PROPRIETARY,-999,64,NOT AVAILABLE,Y,2013-03-22T00:00:00.000Z
-80.23107620899998,36.418067999000066,4187,0010527016,PIONEER COMMUNITY HOSPITAL OF STOKES,1570 NC 8 & 89 HWY NORTH,NOT AVAILABLE,DANBURY,NC,27016,NOT AVAILABLE,(336) 593-2831,GENERAL ACUTE CARE,OPEN,93,STOKES,37169,USA,36.4180679990001,-80.231076209,622110,GENERAL MEDICAL AND SURGICAL HOSPITALS,https://www2.ncdhhs.gov/dhsr/data/hllist.pdf,2016-01-25T00:00:00.000Z,IMAGERY WITH OTHER,2013-10-01T00:00:00.000Z,http://www.pchstokes.com/,NOT AVAILABLE,NOT AVAILABLE,37,PROPRIETARY,-999,93,NOT AVAILABLE,NOT AVAILABLE,2013-03-22T00:00:00.000Z
-79.469801410999935,34.753169179000047,4188,0010128352,SCOTLAND MEMORIAL HOSPITAL AND EDWIN MORGAN CENTER,500 LAUCHWOOD DRIVE,NOT AVAILABLE,LAURINBURG,NC,28352,NOT AVAILABLE,(910) 291-7000,GENERAL ACUTE CARE,OPEN,104,SCOTLAND,37165,USA,34.7531691790001,-79.4698014109999,622110,GENERAL MEDICAL AND SURGICAL HOSPITALS,https://www2.ncdhhs.gov/dhsr/data/hllist.pdf,2016-01-25T00:00:00.000Z,IMAGERY WITH OTHER,2014-02-10T00:00:00.000Z,http://www.scotlandhealth.org/getpage.php?name=index,NOT AVAILABLE,NOT AVAILABLE,37,PROPRIETARY,-999,104,NOT AVAILABLE,Y,2013-03-22T00:00:00.000Z
-81.965595949999951,35.362351210000043,4189,0009828139,"RUTHERFORD HOSPITAL, INC.",288 SOUTH RIDGECREST AVE.,NOT AVAILABLE,RUTHERFORDTON,NC,28139,NOT AVAILABLE,(828) 286-5000,GENERAL ACUTE CARE,OPEN,143,RUTHERFORD,37161,USA,35.36235121,-81.96559595,622110,GENERAL MEDICAL AND SURGICAL HOSPITALS,https://www2.ncdhhs.gov/dhsr/data/hllist.pdf,2016-01-25T00:00:00.000Z,IMAGERY WITH OTHER,2014-02-10T00:00:00.000Z,http://www.rutherfordhosp.org,NOT AVAILABLE,NOT AVAILABLE,37,NON-PROFIT,-999,143,NOT AVAILABLE,Y,2013-03-22T00:00:00.000Z
-78.324487666999985,35.007183301000055,4190,0009928329,SAMPSON REGIONAL MEDICAL CENTER,607 BEAMAN STREET,NOT AVAILABLE,CLINTON,NC,28329,NOT AVAILABLE,(910) 592-8511,GENERAL ACUTE CARE,OPEN,146,SAMPSON,37163,USA,35.0071833010001,-78.324487667,622110,GENERAL MEDICAL AND SURGICAL HOSPITALS,https://www2.ncdhhs.gov/dhsr/data/hllist.pdf,2016-01-25T00:00:00.000Z,IMAGERY WITH OTHER,2014-02-10T00:00:00.000Z,http://www.sampsonrmc.org,NOT AVAILABLE,NOT AVAILABLE,37,GOVERNMENT - LOCAL,-999,146,NOT AVAILABLE,Y,2013-03-22T00:00:00.000Z
-81.889357114999939,36.060317924000053,4191,0005228646,"CHARLES A. CANNON, JR. MEMORIAL HOSPITAL",434 HOSPITAL DRIVE,NOT AVAILABLE,LINVILLE,NC,28646,NOT AVAILABLE,(828) 737-7000,GENERAL ACUTE CARE,OPEN,50,AVERY,37011,USA,36.0603179240001,-81.8893571149999,622110,GENERAL MEDICAL AND SURGICAL HOSPITALS,https://www2.ncdhhs.gov/dhsr/data/hllist.pdf,2016-01-25T00:00:00.000Z,IMAGERY,2014-02-10T00:00:00.000Z,http://https://apprhs.org/locations/cannon-memorial-hospital,NOT AVAILABLE,NOT AVAILABLE,37,NON-PROFIT,-999,50,NOT AVAILABLE,Y,2013-03-22T00:00:00.000Z
-76.623319123999963,35.53785037100004,4192,0009327810,PUNGO DISTRICT HOSPITAL CORPORATION,202 EAST WATER ST,NOT AVAILABLE,BELHAVEN,NC,27810,NOT AVAILABLE,(252) 943-2111,GENERAL ACUTE CARE,CLOSED,49,BEAUFORT,37013,USA,35.537850371,-76.623319124,622110,GENERAL MEDICAL AND SURGICAL HOSPITALS,https://www2.ncdhhs.gov/dhsr/data/hllist.pdf,2012-07-03T00:00:00.000Z,IMAGERY WITH OTHER,2014-02-10T00:00:00.000Z,http://www.vidanthealth.com/vidant/dynamic-detail.aspx?id=11781,NOT AVAILABLE,NOT AVAILABLE,37,NON-PROFIT,-999,49,NOT AVAILABLE,Y,2013-03-22T00:00:00.000Z
-78.290906560999986,34.008958066000041,4193,0003728462,BRUNSWICK COMMUNITY HOSPITAL,240 HOSPITAL DRIVE NE,NOT AVAILABLE,BOLIVIA,NC,28462,NOT AVAILABLE,(910) 755-8121,GENERAL ACUTE CARE,CLOSED,60,BRUNSWICK,37019,USA,34.008958066,-78.290906561,622110,GENERAL MEDICAL AND SURGICAL HOSPITALS,https://www2.ncdhhs.gov/dhsr/data/hllist.pdf,2012-07-03T00:00:00.000Z,IMAGERY WITH OTHER,2014-02-10T00:00:00.000Z,http://brunswicknovant.org/,NOT AVAILABLE,NOT AVAILABLE,37,NON-PROFIT,-999,60,NOT AVAILABLE,Y,2013-03-22T00:00:00.000Z
-78.021590311999958,33.929661950000018,4194,0008428461,J. ARTHUR DOSHER MEMORIAL HOSPITAL,924 HOWE ST,NOT AVAILABLE,SOUTHPORT,NC,28461,NOT AVAILABLE,(910) 457-3800,GENERAL ACUTE CARE,OPEN,100,BRUNSWICK,37019,USA,33.92966195,-78.0215903119999,622110,GENERAL MEDICAL AND SURGICAL HOSPITALS,https://www2.ncdhhs.gov/dhsr/data/hllist.pdf,2016-01-25T00:00:00.000Z,IMAGERY WITH OTHER,2014-02-10T00:00:00.000Z,http://www.dosher.org,NOT AVAILABLE,NOT AVAILABLE,37,NON-PROFIT,-999,100,NOT AVAILABLE,NOT AVAILABLE,2013-03-22T00:00:00.000Z
-80.60250804399999,35.43610642200008,4195,0004328025,CAROLINAS HEALTHCARE SYSTEM NORTHEAST,920 CHURCH ST N,NOT AVAILABLE,CONCORD,NC,28025,NOT AVAILABLE,(704) 783-3000,GENERAL ACUTE CARE,OPEN,457,CABARRUS,37025,USA,35.4361064220001,-80.602508044,622110,GENERAL MEDICAL AND SURGICAL HOSPITALS,https://www2.ncdhhs.gov/dhsr/data/hllist.pdf,2016-01-25T00:00:00.000Z,IMAGERY WITH OTHER,2014-02-10T00:00:00.000Z,http://www.carolinashealthcare.org/northeast,NOT AVAILABLE,NOT AVAILABLE,37,NON-PROFIT,-999,457,LEVEL III,Y,2013-03-22T00:00:00.000Z
-81.535161384999981,35.910606527000027,4196,0003828645,CALDWELL MEMORIAL HOSPITAL,321 MULBERRY STREET SW,NOT AVAILABLE,LENOIR,NC,28645,NOT AVAILABLE,(828) 757-5100,GENERAL ACUTE CARE,OPEN,110,CALDWELL,37027,USA,35.910606527,-81.535161385,622110,GENERAL MEDICAL AND SURGICAL HOSPITALS,https://www2.ncdhhs.gov/dhsr/data/hllist.pdf,2016-01-25T00:00:00.000Z,IMAGERY,2014-02-10T00:00:00.000Z,http://www.caldwell-mem.org,NOT AVAILABLE,NOT AVAILABLE,37,NON-PROFIT,-999,110,NOT AVAILABLE,Y,2013-03-22T00:00:00.000Z
-82.549143218999973,35.576572566000038,4197,0000628801,MEMORIAL MISSION HOSPITAL AND ASHEVILLE SURGERY CENTER,509 BILTMORE AVE,NOT AVAILABLE,ASHEVILLE,NC,28801,NOT AVAILABLE,(828) 213-1111,GENERAL ACUTE CARE,OPEN,763,BUNCOMBE,37021,USA,35.576572566,-82.549143219,622110,GENERAL MEDICAL AND SURGICAL HOSPITALS,https://www2.ncdhhs.gov/dhsr/data/hllist.pdf,2016-01-25T00:00:00.000Z,IMAGERY WITH OTHER,2014-02-10T00:00:00.000Z,http://www.missionhospitals.org,NOT AVAILABLE,NOT AVAILABLE,37,NON-PROFIT,-999,763,LEVEL II,Y,2013-03-22T00:00:00.000Z
-82.531319809999957,35.562271092000053,4198,0004028813,CAREPARTNERS REHABILITATION HOSPITAL,68 SWEETEN CREEK ROAD,NOT AVAILABLE,ASHEVILLE,NC,28813,NOT AVAILABLE,(828) 274-2400,REHABILITATION,OPEN,80,BUNCOMBE,37021,USA,35.5622710920001,-82.53131981,622210,"REHABILITATION HOSPITALS (EXCEPT ALCOHOLISM, DRUG ADDICTION)",https://www2.ncdhhs.gov/dhsr/data/hllist.pdf,2016-01-25T00:00:00.000Z,IMAGERY,2014-02-10T00:00:00.000Z,http://www.carepartners.org,NOT AVAILABLE,NOT AVAILABLE,37,NON-PROFIT,-999,80,NOT AVAILABLE,NOT AVAILABLE,2013-03-22T00:00:00.000Z
-81.654492278999939,35.726391173000017,4199,0007228655,CAROLINAS HEALTHCARE SYSTEM BLUE RIDGE,2201 SOUTH STERLING ST,NOT AVAILABLE,MORGANTON,NC,28655,NOT AVAILABLE,(828) 580-5000,GENERAL ACUTE CARE,OPEN,315,BURKE,37023,USA,35.726391173,-81.654492279,622110,GENERAL MEDICAL AND SURGICAL HOSPITALS,https://www2.ncdhhs.gov/dhsr/data/hllist.pdf,2016-01-25T00:00:00.000Z,IMAGERY WITH OTHER,2014-02-10T00:00:00.000Z,http://www.blueridgehealth.org/morganton.html,NOT AVAILABLE,NOT AVAILABLE,37,NON-PROFIT,-999,315,NOT AVAILABLE,Y,2013-03-22T00:00:00.000Z
-82.06277434499998,35.910989999000023,4200,0003628777,"BLUE RIDGE REGIONAL HOSPITAL, INC",125 HOSPITAL DRIVE,NOT AVAILABLE,SPRUCE PINE,NC,28777,NOT AVAILABLE,(828) 765-4201,GENERAL ACUTE CARE,OPEN,46,MITCHELL,37121,USA,35.910989999,-82.062774345,622110,GENERAL MEDICAL AND SURGICAL HOSPITALS,https://www2.ncdhhs.gov/dhsr/data/hllist.pdf,2016-01-25T00:00:00.000Z,IMAGERY WITH OTHER,2014-02-10T00:00:00.000Z,http://www.spchospital.org,NOT AVAILABLE,NOT AVAILABLE,37,NON-PROFIT,-999,46,NOT AVAILABLE,Y,2013-03-22T00:00:00.000Z
-79.890368296999952,35.36481123500004,4201,0006527371,FIRSTHEALTH MONTGOMERY MEMORIAL HOSPITAL,520 ALLEN STREET,NOT AVAILABLE,TROY,NC,27371,NOT AVAILABLE,(910) 572-1301,GENERAL ACUTE CARE,OPEN,37,MONTGOMERY,37123,USA,35.364811235,-79.890368297,622110,GENERAL MEDICAL AND SURGICAL HOSPITALS,https://www2.ncdhhs.gov/dhsr/data/hllist.pdf,2016-01-25T00:00:00.000Z,IMAGERY,2014-02-10T00:00:00.000Z,http://www.firsthealth.org,NOT AVAILABLE,NOT AVAILABLE,37,NON-PROFIT,-999,37,NOT AVAILABLE,NOT AVAILABLE,2013-03-22T00:00:00.000Z
-79.456438526999989,35.205299351000065,4202,0006628374,FIRSTHEALTH MOORE REG. HOSP. AND PINEHURST TREATMENT,155 MEMORIAL DRIVE,NOT AVAILABLE,PINEHURST,NC,28374,NOT AVAILABLE,(910) 215-1000,GENERAL ACUTE CARE,OPEN,372,MOORE,37125,USA,35.2052993510001,-79.456438527,622110,GENERAL MEDICAL AND SURGICAL HOSPITALS,https://www2.ncdhhs.gov/dhsr/data/hllist.pdf,2016-01-25T00:00:00.000Z,IMAGERY WITH OTHER,2014-02-10T00:00:00.000Z,http://www.firsthealth.org,NOT AVAILABLE,NOT AVAILABLE,37,NON-PROFIT,-999,372,NOT AVAILABLE,Y,2013-03-22T00:00:00.000Z
-80.57179141599994,35.899376197000031,4203,0005927028,DAVIE COUNTY HOSPITAL,223 HOSPITAL STREET,NOT AVAILABLE,MOCKSVILLE,NC,27028,NOT AVAILABLE,(336) 751-8100,GENERAL ACUTE CARE,OPEN,81,DAVIE,37059,USA,35.899376197,-80.5717914159999,622110,GENERAL MEDICAL AND SURGICAL HOSPITALS,https://www2.ncdhhs.gov/dhsr/data/hllist.pdf,2016-01-25T00:00:00.000Z,IMAGERY WITH OTHER,2014-02-10T00:00:00.000Z,http://www.daviehospital.org,NOT AVAILABLE,NOT AVAILABLE,37,NON-PROFIT,-999,81,NOT AVAILABLE,NOT AVAILABLE,2013-03-22T00:00:00.000Z
-78.933053684999948,35.03183872500005,4204,0003928302,CAPE FEAR VALLEY MEDICAL CENTER,1638 OWEN DRIVE,NOT AVAILABLE,FAYETTEVILLE,NC,28302,NOT AVAILABLE,(910) 615-6700,GENERAL ACUTE CARE,OPEN,600,CUMBERLAND,37051,USA,35.0318387250001,-78.9330536849999,622110,GENERAL MEDICAL AND SURGICAL HOSPITALS,https://www2.ncdhhs.gov/dhsr/data/hllist.pdf,2016-01-25T00:00:00.000Z,IMAGERY WITH OTHER,2014-02-10T00:00:00.000Z,http://www.capefearvalley.com,NOT AVAILABLE,NOT AVAILABLE,37,NON-PROFIT,-999,600,NOT AVAILABLE,Y,2013-03-22T00:00:00.000Z
-78.88815429899995,35.054303165000078,4205,0008028301,HIGHSMITH-RAINEY MEMORIAL HOSPITAL,150 ROBESON STREET,NOT AVAILABLE,FAYETTEVILLE,NC,28301,NOT AVAILABLE,(910) 609-1434,GENERAL ACUTE CARE,OPEN,66,CUMBERLAND,37051,USA,35.0543031650001,-78.888154299,622110,GENERAL MEDICAL AND SURGICAL HOSPITALS,https://www2.ncdhhs.gov/dhsr/data/hllist.pdf,2016-01-25T00:00:00.000Z,IMAGERY WITH OTHER,2014-02-10T00:00:00.000Z,http://www.capefearvalley.com/hospitals/hrsh.html,NOT AVAILABLE,NOT AVAILABLE,37,NON-PROFIT,-999,66,NOT AVAILABLE,NOT AVAILABLE,2013-03-22T00:00:00.000Z
-75.617649139999955,35.93983649900008,4206,0010827959,THE OUTER BANKS HOSPITAL,4800 SOUTH CROATAN HIGHWAY,NOT AVAILABLE,NAGS HEAD,NC,27959,NOT AVAILABLE,(252) 449-4500,GENERAL ACUTE CARE,OPEN,21,DARE,37055,USA,35.9398364990001,-75.61764914,622110,GENERAL MEDICAL AND SURGICAL HOSPITALS,https://www2.ncdhhs.gov/dhsr/data/hllist.pdf,2016-01-25T00:00:00.000Z,IMAGERY WITH OTHER,2014-02-10T00:00:00.000Z,http://www.theouterbankshospital.com,NOT AVAILABLE,NOT AVAILABLE,37,NON-PROFIT,-999,21,NOT AVAILABLE,Y,2013-03-22T00:00:00.000Z
-80.286735415999956,35.806150151000054,4207,0009027293,LEXINGTON MEMORIAL HOSPITAL,250 HOSPITAL DRIVE,NOT AVAILABLE,LEXINGTON,NC,27293,NOT AVAILABLE,(336) 248-5161,GENERAL ACUTE CARE,OPEN,94,DAVIDSON,37057,USA,35.8061501510001,-80.2867354159999,622110,GENERAL MEDICAL AND SURGICAL HOSPITALS,https://www2.ncdhhs.gov/dhsr/data/hllist.pdf,2016-01-25T00:00:00.000Z,IMAGERY WITH OTHER,2014-02-10T00:00:00.000Z,http://lexington.wakehealth.edu/,NOT AVAILABLE,NOT AVAILABLE,37,NON-PROFIT,-999,94,NOT AVAILABLE,Y,2013-03-22T00:00:00.000Z
-77.384986817999959,34.762759328000072,4208,0001528541,ONSLOW MEMORIAL HOSPITAL,317 WESTERN BOULEVARD,NOT AVAILABLE,JACKSONVILLE,NC,28541,NOT AVAILABLE,(910) 577-2345,GENERAL ACUTE CARE,OPEN,162,ONSLOW,37133,USA,34.7627593280001,-77.384986818,622110,GENERAL MEDICAL AND SURGICAL HOSPITALS,https://www2.ncdhhs.gov/dhsr/data/hllist.pdf,2016-01-25T00:00:00.000Z,IMAGERY WITH OTHER,2014-02-10T00:00:00.000Z,http://www.onslow.org,NOT AVAILABLE,NOT AVAILABLE,37,GOVERNMENT - DISTRICT/AUTHORITY,-999,162,NOT AVAILABLE,Y,2013-03-22T00:00:00.000Z
-79.049689228999966,35.904542703000054,4209,0011127514,UNIVERSITY OF NORTH CAROLINA HOSPITALS,101 MANNING DR,NOT AVAILABLE,CHAPEL HILL,NC,27514,NOT AVAILABLE,(919) 966-4131,GENERAL ACUTE CARE,OPEN,896,ORANGE,37135,USA,35.9045427030001,-79.049689229,622110,GENERAL MEDICAL AND SURGICAL HOSPITALS,https://www2.ncdhhs.gov/dhsr/data/hllist.pdf,2016-01-25T00:00:00.000Z,IMAGERY WITH OTHER,2013-10-02T00:00:00.000Z,http://www.unchealthcare.org,NOT AVAILABLE,NOT AVAILABLE,37,GOVERNMENT - STATE,-999,896,LEVEL I,NOT AVAILABLE,2013-03-22T00:00:00.000Z
-77.065942891999953,35.113401928000023,4210,0005728561,CAROLINA EAST HEALTH SYSTEM,2000 NEUSE BLVD,NOT AVAILABLE,NEW BERN,NC,28561,NOT AVAILABLE,(252) 633-8640,GENERAL ACUTE CARE,OPEN,350,CRAVEN,37049,USA,35.113401928,-77.065942892,622110,GENERAL MEDICAL AND SURGICAL HOSPITALS,https://www2.ncdhhs.gov/dhsr/data/hllist.pdf,2016-01-25T00:00:00.000Z,IMAGERY WITH OTHER,2014-02-10T00:00:00.000Z,http://www.carolinaeasthealth.com/,NOT AVAILABLE,NOT AVAILABLE,37,GOVERNMENT - DISTRICT/AUTHORITY,-999,350,NOT AVAILABLE,Y,2013-03-22T00:00:00.000Z
-78.694124087999967,34.33773429300004,4211,0005628472,COLUMBUS REGIONAL HEALTHCARE SYSTEM,500 JEFFERSON ST,NOT AVAILABLE,WHITEVILLE,NC,28472,NOT AVAILABLE,(910) 642-8011,GENERAL ACUTE CARE,OPEN,154,COLUMBUS,37047,USA,34.337734293,-78.694124088,622110,GENERAL MEDICAL AND SURGICAL HOSPITALS,https://www2.ncdhhs.gov/dhsr/data/hllist.pdf,2016-01-25T00:00:00.000Z,IMAGERY WITH OTHER,2013-10-02T00:00:00.000Z,http://www.crhealthcare.org,NOT AVAILABLE,NOT AVAILABLE,37,GOVERNMENT - DISTRICT/AUTHORITY,-999,154,NOT AVAILABLE,NOT AVAILABLE,2013-03-22T00:00:00.000Z
-81.676410587999968,35.249853092000023,4212,0005828017,CRAWLEY MEMORIAL HOSPITAL,315 WEST COLLEGE AVENUE,NOT AVAILABLE,SHELBY,NC,28017,NOT AVAILABLE,(704) 434-9466,GENERAL ACUTE CARE,CLOSED,60,CLEVELAND,37045,USA,35.249853092,-81.676410588,622110,GENERAL MEDICAL AND SURGICAL HOSPITALS,https://www2.ncdhhs.gov/dhsr/data/hllist.pdf,2012-07-03T00:00:00.000Z,IMAGERY WITH OTHER,2014-02-10T00:00:00.000Z,http://www.clevelandcountyhealthcaresystem.com/crawleymemorial.html,NOT AVAILABLE,NOT AVAILABLE,37,NON-PROFIT,-999,60,NOT AVAILABLE,NOT AVAILABLE,2013-03-22T00:00:00.000Z
-83.323384401999988,35.484854973000026,4213,0002328719,CHEROKEE INDIAN HOSPITAL AUTHORITY,1 HOSPITAL ROAD,NOT AVAILABLE,CHEROKEE,NC,28719,NOT AVAILABLE,(828) 497-9163,CRITICAL ACCESS,OPEN,28,SWAIN,37173,USA,35.484854973,-83.323384402,622110,GENERAL MEDICAL AND SURGICAL HOSPITALS,https://www.ihs.gov/,2015-03-23T00:00:00.000Z,IMAGERY WITH OTHER,2015-04-29T00:00:00.000Z,www.cherokee-hmd.com/‎,NOT AVAILABLE,NOT AVAILABLE,37,NON-PROFIT,-999,28,NOT AVAILABLE,Y,2015-03-23T00:00:00.000Z
-77.358052054999973,34.723066246000023,4214,0000000013,NAVAL HOSPITAL CAMP LEJEUNE,100 BREWSTER BLVD,NOT AVAILABLE,CAMP LEJEUNE,NC,28547,NOT AVAILABLE,(910) 450-4300,MILITARY,OPEN,-999,ONSLOW,37133,USA,34.723066246,-77.358052055,622110,GENERAL MEDICAL AND SURGICAL HOSPITALS,http://www.tricare.mil/mtf,2015-07-20T00:00:00.000Z,IMAGERY WITH OTHER,2015-07-25T00:00:00.000Z,http://www.med.navy.mil/sites/nhcl/Pages/default.aspx,NOT AVAILABLE,NOT AVAILABLE,37,GOVERNMENT - FEDERAL,-999,-999,NOT AVAILABLE,Y,2015-07-20T00:00:00.000Z
-79.00217023099998,35.14562623700003,4215,0000000037,WOMACK ARMY MEDICAL CENTER,2817 REILLY RD,NOT AVAILABLE,FORT BRAGG,NC,28307,NOT AVAILABLE,(910) 907-6000,MILITARY,OPEN,-999,CUMBERLAND,37051,USA,35.145626237,-79.002170231,622110,GENERAL MEDICAL AND SURGICAL HOSPITALS,http://www.tricare.mil/mtf,2015-07-20T00:00:00.000Z,IMAGERY WITH OTHER,2015-07-28T00:00:00.000Z,http://www.wamc.amedd.army.mil/,NOT AVAILABLE,NOT AVAILABLE,37,GOVERNMENT - FEDERAL,-999,-999,NOT AVAILABLE,Y,2015-07-20T00:00:00.000Z
-78.938832329999968,36.009512073000053,4216,0008127705,VA MEDICAL CENTER - DURHAM,508 FULTON ST,NOT AVAILABLE,DURHAM,NC,27705,NOT AVAILABLE,(919) 286-0411,MILITARY,OPEN,-999,DURHAM,37063,USA,36.0095120730001,-78.93883233,622110,GENERAL MEDICAL AND SURGICAL HOSPITALS,https://www.va.gov/directory/guide/division.asp?dnum=1,2016-04-22T00:00:00.000Z,IMAGERY WITH OTHER,2015-05-22T00:00:00.000Z,http://www.durham.va.gov/,NOT AVAILABLE,NOT AVAILABLE,37,GOVERNMENT - FEDERAL,-999,-999,NOT AVAILABLE,N,2015-04-21T00:00:00.000Z
-78.876955835999979,35.087822621000036,4217,0008528301,VA MEDICAL CENTER - FAYETTEVILLE,2300 RAMSEY ST,NOT AVAILABLE,FAYETTEVILLE,NC,28301,NOT AVAILABLE,(910) 488-2120,MILITARY,OPEN,-999,CUMBERLAND,37051,USA,35.087822621,-78.876955836,622110,GENERAL MEDICAL AND SURGICAL HOSPITALS,https://www.va.gov/directory/guide/division.asp?dnum=1,2016-04-22T00:00:00.000Z,IMAGERY WITH OTHER,2015-05-22T00:00:00.000Z,http://www.fayettevillenc.va.gov/,NOT AVAILABLE,NOT AVAILABLE,37,GOVERNMENT - FEDERAL,-999,-999,NOT AVAILABLE,N,2015-04-21T00:00:00.000Z
-82.483540851999976,35.588613788000025,4218,0008928805,CHARLES GEORGE VA MEDICAL CENTER,1100 TUNNEL RD,NOT AVAILABLE,ASHEVILLE,NC,28805,NOT AVAILABLE,(828) 298-7911,MILITARY,OPEN,-999,BUNCOMBE,37021,USA,35.588613788,-82.483540852,622110,GENERAL MEDICAL AND SURGICAL HOSPITALS,https://www.va.gov/directory/guide/division.asp?dnum=1,2016-04-22T00:00:00.000Z,IMAGERY WITH OTHER,2015-05-22T00:00:00.000Z,http://www.asheville.va.gov/,NOT AVAILABLE,NOT AVAILABLE,37,GOVERNMENT - FEDERAL,-999,-999,NOT AVAILABLE,N,2015-04-21T00:00:00.000Z
-80.488157758999989,35.684199841000066,4219,0009028144,W. G. (BILL) HEFNER VA MEDICAL CENTER,1601 BRENNER AVE,NOT AVAILABLE,SALISBURY,NC,28144,NOT AVAILABLE,(704) 638-9000,MILITARY,OPEN,-999,ROWAN,37159,USA,35.6841998410001,-80.488157759,622110,GENERAL MEDICAL AND SURGICAL HOSPITALS,https://www.va.gov/directory/guide/division.asp?dnum=1,2016-04-22T00:00:00.000Z,IMAGERY WITH OTHER,2015-05-22T00:00:00.000Z,http://www.salisbury.va.gov/,NOT AVAILABLE,NOT AVAILABLE,37,GOVERNMENT - FEDERAL,-999,-999,NOT AVAILABLE,Y,2015-04-21T00:00:00.000Z
-80.044150381999941,36.090960321000068,4220,0000000126,KERNERSVILLE MEDICAL CENTER-ER,1750 KERNERSVILLE MEDICAL PKWY,NOT AVAILABLE,KERNERSVILLE,NC,27284,NOT AVAILABLE,(336) 564-4000,GENERAL ACUTE CARE,CLOSED,-999,FORSYTH,37067,USA,36.0909603210001,-80.0441503819999,622110,GENERAL MEDICAL AND SURGICAL HOSPITALS,http://www2.ncdhhs.gov/,2015-05-16T00:00:00.000Z,IMAGERY WITH OTHER,2015-05-23T00:00:00.000Z,https://www.novanthealth.org/kernersville-medical-center.aspx,NOT AVAILABLE,NOT AVAILABLE,37,NON-PROFIT,-999,-999,NOT AVAILABLE,NOT AVAILABLE,2015-05-16T00:00:00.000Z
-78.261445413999965,34.031361210000057,4221,0000000128,NOVANT HEALTH BRUNSWICK MEDICAL CENTER,240 HOSPITAL DR NE,NOT AVAILABLE,BOLIVIA,NC,28422,NOT AVAILABLE,(910) 721-1700,GENERAL ACUTE CARE,OPEN,74,BRUNSWICK,37019,USA,34.0313612100001,-78.261445414,622110,GENERAL MEDICAL AND SURGICAL HOSPITALS,https://www2.ncdhhs.gov/dhsr/data/hllist.pdf,2016-01-25T00:00:00.000Z,IMAGERY WITH OTHER,2015-05-23T00:00:00.000Z,http://local.elitehearingnetwork.com/bolivia-nc-hearing-center.html,NOT AVAILABLE,NOT AVAILABLE,37,NOT AVAILABLE,-999,-999,NOT AVAILABLE,NOT AVAILABLE,2015-05-16T00:00:00.000Z
-78.867622517999962,35.738923014000065,4222,0000000129,WAKEMED APEX HEALTHPLEX,120 HEALTHPLEX WAY,NOT AVAILABLE,APEX,NC,27502,NOT AVAILABLE,(919) 350-2300,GENERAL ACUTE CARE,OPEN,-999,WAKE,37183,USA,35.7389230140001,-78.867622518,622110,GENERAL MEDICAL AND SURGICAL HOSPITALS,https://www2.ncdhhs.gov/dhsr/data/hllist.pdf,2016-01-25T00:00:00.000Z,IMAGERY WITH OTHER,2015-05-23T00:00:00.000Z,http://www.wakemed.org/landing.cfm?id=759,NOT AVAILABLE,NOT AVAILABLE,37,NOT AVAILABLE,-999,-999,NOT AVAILABLE,NOT AVAILABLE,2015-05-16T00:00:00.000Z
-80.110085620999939,34.977721882000019,4223,0014128170,CAROLINAS HEALTHCARE SYSTEM - ANSON,2301 US HIGHWAY 74 WEST,NOT AVAILABLE,WADESBORO,NC,28170,NOT AVAILABLE,(704) 694-5131,GENERAL ACUTE CARE,OPEN,15,ANSON,37007,USA,34.977721882,-80.1100856209999,622110,GENERAL MEDICAL AND SURGICAL HOSPITALS,https://www2.ncdhhs.gov/dhsr/data/hllist.pdf,2016-01-25T00:00:00.000Z,IMAGERY WITH OTHER,2016-01-25T00:00:00.000Z,http://www.carolinashealthcare.org/anson,NOT AVAILABLE,NOT AVAILABLE,37,GOVERNMENT - DISTRICT/AUTHORITY,-999,15,NOT AVAILABLE,Y,2016-01-25T00:00:00.000Z
-79.10759203799995,35.029733910000061,4224,0014228170,CAPE FEAR VALLEY HOKE HOSPITAL,201 MEDICAL PAVILION DRIVE,NOT AVAILABLE,RAEFORD,NC,28376,NOT AVAILABLE,(910) 615-4000,GENERAL ACUTE CARE,OPEN,41,HOKE,37093,USA,35.0297339100001,-79.107592038,622110,GENERAL MEDICAL AND SURGICAL HOSPITALS,https://www2.ncdhhs.gov/dhsr/data/hllist.pdf,2016-01-25T00:00:00.000Z,IMAGERY WITH OTHER,2016-01-25T00:00:00.000Z,http://www.capefearvalley.com/hospitals/hoke.html,NOT AVAILABLE,NOT AVAILABLE,37,NON-PROFIT,-999,41,NOT AVAILABLE,N,2016-01-25T00:00:00.000Z
-81.356548749999945,35.241865106000013,4225,0014328086,CAROLINAS CONTINUECARE AT KINGS MOUNTAIN,706 WEST KING STREET,NOT AVAILABLE,KINGS MOUNTAIN,NC,28086,NOT AVAILABLE,(980) 487-5520,LONG TERM CARE,OPEN,28,CLEVELAND,37045,USA,35.241865106,-81.3565487499999,622310,"EXTENDED CARE HOSPITALS (EXCEPT MENTAL, SUBSTANCE ABUSE)",https://www2.ncdhhs.gov/dhsr/data/hllist.pdf,2016-01-25T00:00:00.000Z,IMAGERY WITH OTHER,2016-01-26T00:00:00.000Z,http://continuecare.org/kings-mountain/,NOT AVAILABLE,NOT AVAILABLE,37,NON-PROFIT,-999,28,NOT AVAILABLE,N,2016-01-26T00:00:00.000Z
-80.600843650999934,35.44281606100003,4226,0014528025,CAROLINAS REHABILITATION - NORTHEAST,487 LAKE CONCORD ROAD,NOT AVAILABLE,CONCORD,NC,28025,NOT AVAILABLE,(704) 355-3398,REHABILITATION,OPEN,40,CABARRUS,37025,USA,35.442816061,-80.6008436509999,622210,"REHABILITATION HOSPITALS (EXCEPT ALCOHOLISM, DRUG ADDICTION)",https://www2.ncdhhs.gov/dhsr/data/hllist.pdf,2016-01-25T00:00:00.000Z,IMAGERY WITH OTHER,2016-01-26T00:00:00.000Z,http://www.carolinashealthcare.org/rehabilitation,NOT AVAILABLE,NOT AVAILABLE,37,NON-PROFIT,-999,40,NOT AVAILABLE,N,2016-01-26T00:00:00.000Z
-79.149218660999964,35.02100061000003,4227,0014628376,FIRSTHEALTH MOORE REGIONAL HOSPITAL - HOKE CAMPUS,6408 FAYETTEVILLE ROAD,NOT AVAILABLE,RAEFORD,NC,28376,NOT AVAILABLE,(910) 878-6000,GENERAL ACUTE CARE,OPEN,8,HOKE,37093,USA,35.02100061,-79.149218661,622110,GENERAL MEDICAL AND SURGICAL HOSPITALS,https://www2.ncdhhs.gov/dhsr/data/hllist.pdf,2016-01-25T00:00:00.000Z,IMAGERY WITH OTHER,2016-01-27T00:00:00.000Z,https://www.firsthealth.org/directory/hospitals-and-service-locations/firsthealth-moore-regional-hospital-hoke-campus,NOT AVAILABLE,NOT AVAILABLE,37,NON-PROFIT,-999,8,NOT AVAILABLE,Y,2016-01-27T00:00:00.000Z
-80.747726087999979,35.306757427000029,4228,0014728217,CAROLINA CONTINUECARE AT UNIVERSITY,8800 NORTH TRYON ST,4TH FLOOR,CHARLOTTE,NC,28217,NOT AVAILABLE,(704) 863-8300,LONG TERM CARE,OPEN,35,MECKLENBURG,37119,USA,35.306757427,-80.747726088,622310,"EXTENDED CARE HOSPITALS (EXCEPT MENTAL, SUBSTANCE ABUSE)",https://www2.ncdhhs.gov/dhsr/data/hllist.pdf,2016-01-25T00:00:00.000Z,IMAGERY WITH OTHER,2016-01-28T00:00:00.000Z,http://continuecare.org/charlotte/,NOT AVAILABLE,NOT AVAILABLE,37,NON-PROFIT,-999,35,NOT AVAILABLE,N,2016-01-28T00:00:00.000Z
-80.871225575999972,35.090827211000025,4229,0014828210,CAROLINA CONTINUECARE AT PINEVILLE,10648 PARK ROAD,3RD FLOOR,CHARLOTTE,NC,28210,NOT AVAILABLE,(704) 667-8050,LONG TERM CARE,OPEN,40,MECKLENBURG,37119,USA,35.090827211,-80.871225576,622310,"EXTENDED CARE HOSPITALS (EXCEPT MENTAL, SUBSTANCE ABUSE)",https://www2.ncdhhs.gov/dhsr/data/hllist.pdf,2016-01-25T00:00:00.000Z,IMAGERY WITH OTHER,2016-01-28T00:00:00.000Z,http://continuecare.org/pineville/,NOT AVAILABLE,NOT AVAILABLE,37,NON-PROFIT,-999,40,NOT AVAILABLE,N,2016-01-28T00:00:00.000Z
-80.297522726999958,36.074722361000056,4230,0014927103,SELECT SPECIALTY HOSPITAL - WINSTON SALEM,3333 SILAS CREEK PARKWAY,6TH FLOOR,WINSTON SALEM,NC,27103,NOT AVAILABLE,(336) 760-4668,GENERAL ACUTE CARE,OPEN,42,FORSYTH,37067,USA,36.0747223610001,-80.2975227269999,622110,GENERAL MEDICAL AND SURGICAL HOSPITALS,https://www2.ncdhhs.gov/dhsr/data/hllist.pdf,2016-01-25T00:00:00.000Z,IMAGERY WITH OTHER,2016-02-22T00:00:00.000Z,http://winstonsalem.selectspecialtyhospitals.com/,NOT AVAILABLE,NOT AVAILABLE,37,PROPRIETARY,-999,42,NOT AVAILABLE,NOT AVAILABLE,2016-02-22T00:00:00.000Z
-78.900606701999948,36.037497914000021,4231,0015027704,SELECT SPECIALTY HOSPITAL - DURHAM,3643 NORTH ROXBORO STREET,6TH FLOOR,DURHAM,NC,27704,NOT AVAILABLE,(919) 470-9159,GENERAL ACUTE CARE,OPEN,30,DURHAM,37063,USA,36.037497914,-78.9006067019999,622110,GENERAL MEDICAL AND SURGICAL HOSPITALS,https://www2.ncdhhs.gov/dhsr/data/hllist.pdf,2016-01-25T00:00:00.000Z,IMAGERY WITH OTHER,2016-02-22T00:00:00.000Z,http://durham.selectspecialtyhospitals.com/,NOT AVAILABLE,NOT AVAILABLE,37,PROPRIETARY,-999,30,NOT AVAILABLE,NOT AVAILABLE,2016-02-22T00:00:00.000Z
-79.78604811299995,36.091017988000019,4232,0015127401,SELECT SPECIALTY HOSPITAL - GREENSBORO,1200 NORTH ELM STREET,NOT AVAILABLE,GREENSBORO,NC,27401,NOT AVAILABLE,(336) 832-5700,GENERAL ACUTE CARE,OPEN,30,GUILFORD,37081,USA,36.091017988,-79.7860481129999,622110,GENERAL MEDICAL AND SURGICAL HOSPITALS,https://www2.ncdhhs.gov/dhsr/data/hllist.pdf,2016-01-25T00:00:00.000Z,IMAGERY WITH OTHER,2016-02-22T00:00:00.000Z,http://greensboro.selectspecialtyhospitals.com/,NOT AVAILABLE,NOT AVAILABLE,37,PROPRIETARY,-999,30,NOT AVAILABLE,NOT AVAILABLE,2016-02-22T00:00:00.000Z
-80.194822664999933,35.364443197000078,4233,0010428002,CAROLINAS HEALTHCARE SYSTEM STANLY,301 YADKIN STREET,NOT AVAILABLE,ALBEMARLE,NC,28002,NOT AVAILABLE,(704) 984-4347,GENERAL ACUTE CARE,OPEN,109,STANLY,37167,USA,35.3644431970001,-80.1948226649999,622110,GENERAL MEDICAL AND SURGICAL HOSPITALS,https://www2.ncdhhs.gov/dhsr/data/hllist.pdf,2016-01-25T00:00:00.000Z,IMAGERY,2014-02-10T00:00:00.000Z,http://www.stanly.org,NOT AVAILABLE,STANLY REGIONAL MEDICAL CENTER,37,GOVERNMENT - DISTRICT/AUTHORITY,-999,109,NOT AVAILABLE,Y,2013-03-22T00:00:00.000Z
-81.178894551999974,35.898374112000049,2086,0014428603,ALEXANDER HOSPITAL,PO BOX 2568,NOT AVAILABLE,HICKORY,NC,28603,NOT AVAILABLE,(828) 377-4745,GENERAL ACUTE CARE,OPEN,25,ALEXANDER,37003,USA,35.8983741120001,-81.178894552,622110,GENERAL MEDICAL AND SURGICAL HOSPITALS,https://www2.ncdhhs.gov/dhsr/data/hllist.pdf,2016-01-25T00:00:00.000Z,UNVERIFIED,2016-01-26T00:00:00.000Z,http://www.fryemedctr.com/en-US/Pages/default.aspx,NOT AVAILABLE,NOT AVAILABLE,37,PROPRIETARY,-999,25,NOT AVAILABLE,N,2016-01-26T00:00:00.000Z
-78.89699466899998,36.043036072000056,2215,0001327704,NORTH CAROLINA SPECIALTY HOSPITAL,3916 BEN FRANKLIN BOULEVARD,NOT AVAILABLE,DURHAM,NC,27704,NOT AVAILABLE,(919) 956-9300,GENERAL ACUTE CARE,OPEN,18,DURHAM,37063,USA,36.0430360720001,-78.896994669,622110,GENERAL MEDICAL AND SURGICAL HOSPITALS,https://www2.ncdhhs.gov/dhsr/data/hllist.pdf,2016-01-25T00:00:00.000Z,IMAGERY WITH OTHER,2013-09-25T00:00:00.000Z,http://www.ncspecialty.com,NOT AVAILABLE,NOT AVAILABLE,37,PROPRIETARY,-999,18,NOT AVAILABLE,NOT AVAILABLE,2013-03-22T00:00:00.000Z
-80.853572295999982,35.549204784000032,2216,0008828117,LAKE NORMAN REGIONAL MEDICAL CENTER,171 FAIRVIEW ROAD,NOT AVAILABLE,MOORESVILLE,NC,28117,NOT AVAILABLE,(704) 660-4010,GENERAL ACUTE CARE,OPEN,105,IREDELL,37097,USA,35.549204784,-80.853572296,622110,GENERAL MEDICAL AND SURGICAL HOSPITALS,https://www2.ncdhhs.gov/dhsr/data/hllist.pdf,2016-01-25T00:00:00.000Z,IMAGERY WITH OTHER,2014-02-10T00:00:00.000Z,http://www.lnrmc.com,NOT AVAILABLE,NOT AVAILABLE,37,PROPRIETARY,-999,105,NOT AVAILABLE,Y,2013-03-22T00:00:00.000Z
-81.15791164599996,36.159193039000058,2217,0011828659,WILKES REGIONAL MEDICAL CENTER,1370 WEST 'D' STREET,NOT AVAILABLE,NORTH WILKESBORO,NC,28659,NOT AVAILABLE,(336) 651-8100,GENERAL ACUTE CARE,OPEN,130,WILKES,37193,USA,36.1591930390001,-81.1579116459999,622110,GENERAL MEDICAL AND SURGICAL HOSPITALS,https://www2.ncdhhs.gov/dhsr/data/hllist.pdf,2016-01-25T00:00:00.000Z,IMAGERY WITH OTHER,2014-02-10T00:00:00.000Z,http://www.wilkesregional.org,NOT AVAILABLE,NOT AVAILABLE,37,GOVERNMENT - DISTRICT/AUTHORITY,-999,130,NOT AVAILABLE,Y,2013-03-22T00:00:00.000Z
-76.729283680999956,35.862782083000063,2218,0011527962,WASHINGTON COUNTY HOSPITAL,958 U S HIGHWAY 64 EAST,NOT AVAILABLE,PLYMOUTH,NC,27962,NOT AVAILABLE,(252) 793-4135,GENERAL ACUTE CARE,OPEN,49,WASHINGTON,37187,USA,35.8627820830001,-76.729283681,622110,GENERAL MEDICAL AND SURGICAL HOSPITALS,https://www2.ncdhhs.gov/dhsr/data/hllist.pdf,2016-01-25T00:00:00.000Z,IMAGERY WITH OTHER,2014-02-11T00:00:00.000Z,wch.hmccah.com/‎,NOT AVAILABLE,NOT AVAILABLE,37,GOVERNMENT - LOCAL,-999,49,NOT AVAILABLE,NOT AVAILABLE,2013-03-22T00:00:00.000Z
-77.85231080799997,35.976155970000036,2223,0001027804,NASH GENERAL HOSPITAL,2460 CURTIS ELLIS DR.,NOT AVAILABLE,ROCKY MOUNT,NC,27804,NOT AVAILABLE,(252) 443-8070,GENERAL ACUTE CARE,OPEN,353,NASH,37127,USA,35.97615597,-77.852310808,622110,GENERAL MEDICAL AND SURGICAL HOSPITALS,https://www2.ncdhhs.gov/dhsr/data/hllist.pdf,2016-01-25T00:00:00.000Z,IMAGERY WITH OTHER,2014-02-10T00:00:00.000Z,http://www.nhcs.org,NOT AVAILABLE,NOT AVAILABLE,37,GOVERNMENT - DISTRICT/AUTHORITY,-999,353,NOT AVAILABLE,Y,2013-03-22T00:00:00.000Z
-77.921284814999964,34.205463843000068,2224,0001128401,NEW HANOVER REGIONAL MEDICAL CENTER,2228 S. 17TH STREET/FISCAL SERVICES,NOT AVAILABLE,WILMINGTON,NC,28401,NOT AVAILABLE,(910) 343-7040,GENERAL ACUTE CARE,OPEN,769,NEW HANOVER,37129,USA,34.2054638430001,-77.921284815,622110,GENERAL MEDICAL AND SURGICAL HOSPITALS,https://www2.ncdhhs.gov/dhsr/data/hllist.pdf,2016-01-25T00:00:00.000Z,IMAGERY WITH OTHER,2014-02-10T00:00:00.000Z,http://www.nhhn.org,NOT AVAILABLE,NOT AVAILABLE,37,GOVERNMENT - LOCAL,-999,769,LEVEL II,Y,2013-03-22T00:00:00.000Z
-81.203598579999948,35.489918139000054,1933,0004128093,CAROLINAS MEDICAL CENTER-LINCOLN,433 MCALISTER ROAD,NOT AVAILABLE,LINCOLNTON,NC,28093,NOT AVAILABLE,(704) 735-3071,GENERAL ACUTE CARE,OPEN,101,LINCOLN,37109,USA,35.4899181390001,-81.2035985799999,622110,GENERAL MEDICAL AND SURGICAL HOSPITALS,https://www2.ncdhhs.gov/dhsr/data/hllist.pdf,2016-01-25T00:00:00.000Z,IMAGERY,2014-02-10T00:00:00.000Z,http://www.carolinashealthcare.org/body.cfm?id=7626,NOT AVAILABLE,NOT AVAILABLE,37,GOVERNMENT - DISTRICT/AUTHORITY,-999,101,NOT AVAILABLE,Y,2013-03-22T00:00:00.000Z
-77.072254,35.839790695000026,1934,0000427892,MARTIN GENERAL HOSPITAL,310 SOUTH MCCASKEY ROAD,NOT AVAILABLE,WILLIAMSTON,NC,27892,NOT AVAILABLE,(252) 809-6179,GENERAL ACUTE CARE,OPEN,49,MARTIN,37117,USA,35.839790695,-77.072254,622110,GENERAL MEDICAL AND SURGICAL HOSPITALS,https://www2.ncdhhs.gov/dhsr/data/hllist.pdf,2016-01-25T00:00:00.000Z,IMAGERY,2014-02-10T00:00:00.000Z,http://www.martingeneral.com,NOT AVAILABLE,NOT AVAILABLE,37,PROPRIETARY,-999,49,NOT AVAILABLE,Y,2013-03-22T00:00:00.000Z
-77.919875067999953,34.550667552000043,1935,0001828425,"PENDER MEMORIAL HOSPITAL, INC.",507 E FREMONT STREET,NOT AVAILABLE,BURGAW,NC,28425,NOT AVAILABLE,(910) 259-5451,GENERAL ACUTE CARE,OPEN,86,PENDER,37141,USA,34.5506675520001,-77.919875068,622110,GENERAL MEDICAL AND SURGICAL HOSPITALS,https://www2.ncdhhs.gov/dhsr/data/hllist.pdf,2016-01-25T00:00:00.000Z,IMAGERY,2014-02-10T00:00:00.000Z,http://www.pendermemorial.org,NOT AVAILABLE,NOT AVAILABLE,37,GOVERNMENT - LOCAL,-999,86,NOT AVAILABLE,Y,2013-03-22T00:00:00.000Z
-82.549990549999961,35.580556693000055,1948,0003028801,ASHEVILLE SPECIALTY HOSPITAL,428 BILTMORE AVE,NOT AVAILABLE,ASHEVILLE,NC,28801,NOT AVAILABLE,(828) 213-5400,LONG TERM CARE,OPEN,34,BUNCOMBE,37021,USA,35.5805566930001,-82.54999055,622310,"EXTENDED CARE HOSPITALS (EXCEPT MENTAL, SUBSTANCE ABUSE)",https://www2.ncdhhs.gov/dhsr/data/hllist.pdf,2016-01-25T00:00:00.000Z,IMAGERY,2014-02-10T00:00:00.000Z,http://www.missionhospitals.org/acute-care,NOT AVAILABLE,NOT AVAILABLE,37,PROPRIETARY,-999,34,NOT AVAILABLE,NOT AVAILABLE,2013-03-22T00:00:00.000Z
-77.821183762999965,35.971412615000077,1949,0009127804,LIFECARE HOSPITALS OF NORTH CAROLINA,1051 NOELL LANE,NOT AVAILABLE,ROCKY MOUNT,NC,27804,NOT AVAILABLE,(252) 451-2300,LONG TERM CARE,OPEN,50,NASH,37127,USA,35.9714126150001,-77.821183763,622310,"EXTENDED CARE HOSPITALS (EXCEPT MENTAL, SUBSTANCE ABUSE)",https://www2.ncdhhs.gov/dhsr/data/hllist.pdf,2016-01-25T00:00:00.000Z,IMAGERY,2014-02-10T00:00:00.000Z,http://www.lifecare-hospitals.com,NOT AVAILABLE,NOT AVAILABLE,37,PROPRIETARY,-999,50,NOT AVAILABLE,NOT AVAILABLE,2013-03-22T00:00:00.000Z
-76.908676395999962,34.895165535000039,1955,0013128533,NAVAL HEALTH CLINIC CHERRY POINT,BEAUFORT ROAD,BUILDING 4385,CHERRY POINT,NC,28533,NOT AVAILABLE,(252) 466-0266,GENERAL ACUTE CARE,OPEN,-999,CRAVEN,37049,USA,34.895165535,-76.908676396,622110,GENERAL MEDICAL AND SURGICAL HOSPITALS,https://www2.ncdhhs.gov/dhsr/data/hllist.pdf,2016-01-25T00:00:00.000Z,IMAGERY,2013-10-02T00:00:00.000Z,http://www.med.navy.mil/sites/cpoint/Pages/default.aspx,NOT AVAILABLE,NOT AVAILABLE,37,GOVERNMENT - DISTRICT/AUTHORITY,-999,-999,NOT AVAILABLE,NOT AVAILABLE,2013-03-22T00:00:00.000Z
